BLOCO_TOPO_10M,DEPT_TOPO,VSH,PHIE,KX,KZ,FACIES,COESAO_PESSIMISTA,COESAO_CENTRAL,COESAO_OTIMISTA,ATRITO_PESSIMISTA,ATRITO_CENTRAL,ATRITO_OTIMISTA,MAIOR_LACUNA_NO_BLOCO_M,COBERTURA_REAL,FORMACAO,PC_ENTRADA_PA_PESSIMISTA,SWIRR_PESSIMISTA,SGR_RESIDUAL_PESSIMISTA,PC_ENTRADA_PA_CENTRAL,SWIRR_CENTRAL,SGR_RESIDUAL_CENTRAL,PC_ENTRADA_PA_OTIMISTA,SWIRR_OTIMISTA,SGR_RESIDUAL_OTIMISTA,TEMPERATURA_C,TEMPERATURA_C_PESSIMISTA,TEMPERATURA_C_OTIMISTA,KVKH_FORMACAO_CENTRAL
310.0,315.0,0.7384606128732497,0.0625954035518192,0.0001,3e-06,0,1000000.0,1398744.3654574542,8000000.0,18.0,18.56963480779636,28.0,0.1500000000000341,True,Coqueiro_Seco,5000.0,0.2,0.15,7500.0,0.25,0.2,10000.0,0.3,0.25,31.67,30.725,32.615,0.1
320.0,320.1,0.8287745946640879,0.0402951081022903,0.0001,3.0000000000000005e-06,0,1000000.0,1792728.5098257028,8000000.0,18.0,19.132469299751,28.0,0.1500000000000341,True,Coqueiro_Seco,5000.0,0.2,0.15,7500.0,0.25,0.2,10000.0,0.3,0.25,31.7618,30.8015,32.7221,0.1
330.0,330.0,0.8056369314511471,0.0466548718215215,0.0001,3.0000000000000005e-06,0,1000000.0,1970874.6644349229,8000000.0,18.0,19.386963806335604,28.0,0.1500000000000341,True,Coqueiro_Seco,5000.0,0.2,0.15,7500.0,0.25,0.2,10000.0,0.3,0.25,31.94,30.95,32.93,0.1
340.0,340.05,0.8069964721949939,0.0401084091700421,0.0001,3.0000000000000005e-06,0,1000000.0,1632603.490754897,8000000.0,18.0,18.903719272506997,28.0,0.1500000000000341,True,Coqueiro_Seco,5000.0,0.2,0.15,7500.0,0.25,0.2,10000.0,0.3,0.25,32.1209,31.100749999999998,33.14105,0.1
350.0,350.1,0.8924519584950693,0.0222640626264206,0.0001,3.0000000000000005e-06,0,1000000.0,1832300.0356674776,8000000.0,18.0,19.189000050953545,28.0,0.1500000000000341,True,Coqueiro_Seco,5000.0,0.2,0.15,7500.0,0.25,0.2,10000.0,0.3,0.25,32.3018,31.2515,33.3521,0.1
360.0,360.0,0.8962607166151562,0.0249332519821346,0.0001,3.0000000000000005e-06,0,1000000.0,2268230.364890743,8000000.0,18.0,19.811757664129637,28.0,0.1500000000000341,True,Coqueiro_Seco,5000.0,0.2,0.15,7500.0,0.25,0.2,10000.0,0.3,0.25,32.480000000000004,31.4,33.56,0.1
370.0,370.05,0.6794401203777408,0.0997466024209924,0.0001,3.0000000000000005e-06,0,1000000.0,1760879.426600233,8000000.0,18.0,19.086970609428903,28.0,0.1500000000000341,True,Coqueiro_Seco,5000.0,0.2,0.15,7500.0,0.25,0.2,10000.0,0.3,0.25,32.6609,31.55075,33.77105,0.1
380.0,380.1,0.7792954947418114,0.0634932549864906,0.0001,3.0000000000000005e-06,0,1000000.0,1580169.5419904003,8000000.0,18.0,18.828813631414857,28.0,0.1500000000000341,True,Coqueiro_Seco,5000.0,0.2,0.15,7500.0,0.25,0.2,10000.0,0.3,0.25,32.8418,31.7015,33.9821,0.1
390.0,390.0,0.8543165274190497,0.0352527004438997,0.0001,3.0000000000000005e-06,0,1000000.0,1203165.837523602,8000000.0,18.0,18.290236910748,28.0,0.1500000000000341,True,Coqueiro_Seco,5000.0,0.2,0.15,7500.0,0.25,0.2,10000.0,0.3,0.25,33.019999999999996,31.85,34.19,0.1
400.0,400.05,0.7694376007836453,0.0567323832065194,0.0001,3.0000000000000005e-06,0,1000000.0,1361162.4718204353,8000000.0,18.0,18.51594638831491,28.0,0.1500000000000341,True,Coqueiro_Seco,5000.0,0.2,0.15,7500.0,0.25,0.2,10000.0,0.3,0.25,33.200900000000004,32.00075,34.40105,0.1
410.0,410.1,0.8492443982975053,0.0409371957732484,0.0001,3.0000000000000005e-06,0,1000000.0,1393024.632935536,8000000.0,18.0,18.561463761336483,28.0,0.1500000000000341,True,Coqueiro_Seco,5000.0,0.2,0.15,7500.0,0.25,0.2,10000.0,0.3,0.25,33.3818,32.1515,34.6121,0.1
420.0,420.0,0.8133184487825085,0.0546268471214193,0.0001,3.0000000000000005e-06,0,1000000.0,1611564.9367772029,8000000.0,18.0,18.873664195396003,28.0,0.1500000000000341,True,Coqueiro_Seco,5000.0,0.2,0.15,7500.0,0.25,0.2,10000.0,0.3,0.25,33.56,32.3,34.82,0.1
430.0,430.05,0.9695737968958944,0.0122695712454651,0.0001,3e-06,0,1000000.0,1404237.459862135,8000000.0,18.0,18.57748208551733,28.0,0.3000000000000113,True,Coqueiro_Seco,5000.0,0.2,0.15,7500.0,0.25,0.2,10000.0,0.3,0.25,33.7409,32.45075,35.03105,0.1
440.0,440.1,0.7750452392284098,0.0534605487050166,0.0001,3.0000000000000013e-06,0,1000000.0,1623532.1053629958,8000000.0,18.0,18.890760150518563,28.0,0.3000000000000113,True,Coqueiro_Seco,5000.0,0.2,0.15,7500.0,0.25,0.2,10000.0,0.3,0.25,33.9218,32.6015,35.2421,0.1
450.0,450.0,0.88641203613194,0.0274257291529416,0.0001,3e-06,0,1000000.0,1636674.1333505935,8000000.0,18.0,18.90953447621513,28.0,0.3000000000000113,True,Coqueiro_Seco,5000.0,0.2,0.15,7500.0,0.25,0.2,10000.0,0.3,0.25,34.1,32.75,35.45,0.1
460.0,460.05,0.7942328753143466,0.052199757682252,0.0001,3e-06,0,1000000.0,1985695.2355785428,8000000.0,18.0,19.40813605082649,28.0,0.3000000000000113,True,Coqueiro_Seco,5000.0,0.2,0.15,7500.0,0.25,0.2,10000.0,0.3,0.25,34.2809,32.90075,35.66105,0.1
470.0,470.1,0.8714129858740978,0.0365503236372254,0.0001,3.0000000000000013e-06,0,1000000.0,2001318.9492419823,8000000.0,18.0,19.430455641774262,28.0,0.3000000000000113,True,Coqueiro_Seco,5000.0,0.2,0.15,7500.0,0.25,0.2,10000.0,0.3,0.25,34.4618,33.0515,35.8721,0.1
480.0,480.0,0.5175648758927975,0.1297253947416961,3.9524014805861274,3.310344640693092e-06,0,1187500.0,3779673.490980297,8656250.0,18.9375,21.87817462687133,28.65625,0.3000000000000113,True,Coqueiro_Seco,5000.0,0.2,0.15,7500.0,0.25,0.2,10000.0,0.3,0.25,34.64,33.2,36.08,0.1
490.0,490.05,0.7019148194053931,0.0817736133803544,4.265581104573797,3.199999935191727e-06,0,1125000.0,3003857.6083430964,8437500.0,18.625,20.97013163338213,28.4375,0.3000000000000113,True,Coqueiro_Seco,5000.0,0.2,0.15,7500.0,0.25,0.2,10000.0,0.3,0.25,34.8209,33.35075,36.29105,0.1
500.0,500.1,0.8168756348155516,0.0327904347914463,0.0001,3.0000000000000013e-06,0,1000000.0,2273045.474113431,8000000.0,18.0,19.818636391590616,28.0,0.3000000000000113,True,Coqueiro_Seco,5000.0,0.2,0.15,7500.0,0.25,0.2,10000.0,0.3,0.25,35.0018,33.5015,36.5021,0.1
510.0,510.0,0.835142105684039,0.04224685753609,0.0001,3.0000000000000005e-06,0,1000000.0,1982082.77393272,8000000.0,18.0,19.402975391332458,28.0,0.1500000000000909,True,Coqueiro_Seco,5000.0,0.2,0.15,7500.0,0.25,0.2,10000.0,0.3,0.25,35.18,33.65,36.71,0.1
520.0,520.05,0.9349562493250584,0.0193229198545046,0.0001,3.0000000000000005e-06,0,1000000.0,2338732.673299086,8000000.0,18.0,19.91247524757012,28.0,0.1500000000000909,True,Coqueiro_Seco,5000.0,0.2,0.15,7500.0,0.25,0.2,10000.0,0.3,0.25,35.3609,33.80075,36.92105,0.1
530.0,530.1,0.9011643569660288,0.0218483914233438,0.0001,3.0000000000000005e-06,0,1000000.0,1595504.6116904395,8000000.0,18.0,18.850720873843485,28.0,0.1500000000000909,True,Coqueiro_Seco,5000.0,0.2,0.15,7500.0,0.25,0.2,10000.0,0.3,0.25,35.5418,33.9515,37.1321,0.1
540.0,540.0,0.8803098307656428,0.0213730843002576,0.0001,3.0000000000000005e-06,0,1000000.0,2059352.122064187,8000000.0,18.0,19.51336017437741,28.0,0.1500000000000909,True,Coqueiro_Seco,5000.0,0.2,0.15,7500.0,0.25,0.2,10000.0,0.3,0.25,35.72,34.1,37.34,0.1
550.0,550.05,0.8125867568309846,0.0481201458568915,0.0001,3.0000000000000005e-06,0,1000000.0,2502367.049618719,8000000.0,18.0,20.14623864231245,28.0,0.1500000000000909,True,Coqueiro_Seco,5000.0,0.2,0.15,7500.0,0.25,0.2,10000.0,0.3,0.25,35.9009,34.25075,37.551050000000004,0.1
560.0,560.1,0.7319344567472588,0.0661907936653099,0.0001,3.0000000000000005e-06,0,1000000.0,3085779.1834038678,8000000.0,18.0,20.97968454771981,28.0,0.1500000000000909,True,Coqueiro_Seco,5000.0,0.2,0.15,7500.0,0.25,0.2,10000.0,0.3,0.25,36.0818,34.4015,37.762100000000004,0.1
570.0,570.0,0.8829082284095814,0.0308432902594056,0.0001,3.0000000000000005e-06,0,1000000.0,1543055.5613005878,8000000.0,18.0,18.77579365900084,28.0,0.1500000000000909,True,Coqueiro_Seco,5000.0,0.2,0.15,7500.0,0.25,0.2,10000.0,0.3,0.25,36.26,34.55,37.97,0.1
580.0,580.05,0.7942677176431664,0.0557264744493617,0.0001,3.0000000000000005e-06,0,1000000.0,1915161.6884884208,8000000.0,18.0,19.307373840697743,28.0,0.1500000000000909,True,Coqueiro_Seco,5000.0,0.2,0.15,7500.0,0.25,0.2,10000.0,0.3,0.25,36.4409,34.70075,38.18105,0.1
590.0,590.1,0.8892161442154046,0.0271296692638584,0.0001,3.0000000000000005e-06,0,1000000.0,1837596.2071166688,8000000.0,18.0,19.19656601016667,28.0,0.1500000000000909,True,Coqueiro_Seco,5000.0,0.2,0.15,7500.0,0.25,0.2,10000.0,0.3,0.25,36.6218,34.8515,38.3921,0.1
600.0,600.0,0.8714085156249287,0.0321291003838571,0.0001,3.0000000000000005e-06,0,1000000.0,1838906.2610792324,8000000.0,18.0,19.198437515827475,28.0,0.1500000000000909,True,Coqueiro_Seco,5000.0,0.2,0.15,7500.0,0.25,0.2,10000.0,0.3,0.25,36.8,35.0,38.6,0.1
610.0,610.05,0.8845198859708652,0.0289370838396344,0.0001,3.0000000000000005e-06,0,1000000.0,1932253.5164503811,8000000.0,18.0,19.33179073778626,28.0,0.1500000000000909,True,Coqueiro_Seco,5000.0,0.2,0.15,7500.0,0.25,0.2,10000.0,0.3,0.25,36.9809,35.15075,38.81105,0.1
620.0,620.1,0.7882937772185787,0.0431407382545337,0.0001,3.0000000000000005e-06,0,1000000.0,2630867.7241799072,8000000.0,18.0,20.329811034542725,28.0,0.1500000000000909,True,Coqueiro_Seco,5000.0,0.2,0.15,7500.0,0.25,0.2,10000.0,0.3,0.25,37.1618,35.301500000000004,39.0221,0.1
630.0,630.0,0.7080493253213321,0.0808049102536935,0.0001,3.0000000000000005e-06,0,1000000.0,2435412.268300244,8000000.0,18.0,20.05058895471464,28.0,0.1500000000000909,True,Coqueiro_Seco,5000.0,0.2,0.15,7500.0,0.25,0.2,10000.0,0.3,0.25,37.34,35.45,39.230000000000004,0.1
640.0,640.05,0.8893715389922312,0.0224710351280899,0.0001,3.0000000000000005e-06,0,1000000.0,2562939.429875776,8000000.0,18.0,20.23277061410825,28.0,0.1500000000000909,True,Coqueiro_Seco,5000.0,0.2,0.15,7500.0,0.25,0.2,10000.0,0.3,0.25,37.5209,35.60075,39.44105,0.1
650.0,650.1,0.8124586752717279,0.0335616446766537,0.0001,3.0000000000000005e-06,0,1000000.0,1861045.7977879464,8000000.0,18.0,19.230065425411357,28.0,0.1500000000000909,True,Coqueiro_Seco,5000.0,0.2,0.15,7500.0,0.25,0.2,10000.0,0.3,0.25,37.7018,35.7515,39.652100000000004,0.1
660.0,660.0,0.8089022238610217,0.0405116795568033,0.0001,3.0000000000000005e-06,0,1000000.0,2134134.442912936,8000000.0,18.0,19.620192061304195,28.0,0.1500000000000909,True,Coqueiro_Seco,5000.0,0.2,0.15,7500.0,0.25,0.2,10000.0,0.3,0.25,37.88,35.9,39.86,0.1
670.0,670.05,0.8153332279442891,0.0355809290349506,0.0001,3.0000000000000005e-06,0,1000000.0,1801675.8849304211,8000000.0,18.0,19.14525126418632,28.0,0.1500000000000909,True,Coqueiro_Seco,5000.0,0.2,0.15,7500.0,0.25,0.2,10000.0,0.3,0.25,38.060900000000004,36.05075,40.07105,0.1
680.0,680.1,0.8399331227248906,0.0313749200229103,0.0001,3.0000000000000005e-06,0,1000000.0,2157876.3179411963,8000000.0,18.0,19.65410902563028,28.0,0.1500000000000909,True,Coqueiro_Seco,5000.0,0.2,0.15,7500.0,0.25,0.2,10000.0,0.3,0.25,38.2418,36.201499999999996,40.2821,0.1
690.0,690.0,0.7105683374648423,0.0781029277203352,0.0001,3.0000000000000005e-06,0,1000000.0,2887045.2854866097,8000000.0,18.0,20.695778979266585,28.0,0.1500000000000909,True,Coqueiro_Seco,5000.0,0.2,0.15,7500.0,0.25,0.2,10000.0,0.3,0.25,38.42,36.35,40.49,0.1
700.0,700.05,0.8464674552694942,0.0389573836862635,0.0001,3.0000000000000005e-06,0,1000000.0,2345424.034909704,8000000.0,18.0,19.92203433558529,28.0,0.1500000000000909,True,Coqueiro_Seco,5000.0,0.2,0.15,7500.0,0.25,0.2,10000.0,0.3,0.25,38.600899999999996,36.50075,40.701049999999995,0.1
710.0,710.1,0.7893628530862421,0.0589385332431642,0.0001,3.0000000000000005e-06,0,1000000.0,2917572.511720221,8000000.0,18.0,20.73938930245746,28.0,0.1500000000000909,True,Coqueiro_Seco,5000.0,0.2,0.15,7500.0,0.25,0.2,10000.0,0.3,0.25,38.781800000000004,36.6515,40.9121,0.1
720.0,720.0,0.6284826020407417,0.1043148186819779,13.81941776929216,3.589285540937632e-06,0,1328358.208955224,4486819.181575898,9149253.731343284,19.64179104477612,23.571352717493117,29.149253731343283,0.1500000000000909,True,Coqueiro_Seco,5000.0,0.2,0.15,7500.0,0.25,0.2,10000.0,0.3,0.25,38.96,36.8,41.12,0.1
730.0,730.05,0.6454255481635718,0.0983605691618457,21.009573192922275,4.102040368161332e-06,0,1537313.4328358208,5014035.054630874,9880597.014925374,20.686567164179102,23.68752433138502,29.88059701492537,0.1500000000000909,True,Coqueiro_Seco,5000.0,0.2,0.15,7500.0,0.25,0.2,10000.0,0.3,0.25,39.1409,36.95075,41.33105,0.1
740.0,740.1,0.807198038858701,0.04892212636375,2.6279815055918263,3.0937499776557734e-06,0,1060606.0606060603,2995386.44027855,8212121.212121212,18.303030303030305,20.93217368064516,28.21212121212121,0.1500000000000909,True,Coqueiro_Seco,5000.0,0.2,0.15,7500.0,0.25,0.2,10000.0,0.3,0.25,39.3218,37.1015,41.5421,0.1
750.0,750.0,0.6910242710641314,0.087045735859909,0.0001,3.0000000000000005e-06,0,1000000.0,3296271.3527027164,8000000.0,18.0,21.280387646718168,28.0,0.1500000000000909,True,Coqueiro_Seco,5000.0,0.2,0.15,7500.0,0.25,0.2,10000.0,0.3,0.25,39.5,37.25,41.75,0.1
760.0,760.05,0.8300998457532348,0.0375029482282424,0.0001,3.0000000000000005e-06,0,1000000.0,2183381.307029446,8000000.0,18.0,19.690544724327783,28.0,0.1500000000000909,True,Coqueiro_Seco,5000.0,0.2,0.15,7500.0,0.25,0.2,10000.0,0.3,0.25,39.6809,37.40075,41.96105,0.1
770.0,770.1,0.7754362698528093,0.0545739681139398,0.0001,3.0000000000000005e-06,0,1000000.0,2402274.6857447955,8000000.0,18.0,20.003249551063995,28.0,0.1500000000000909,True,Coqueiro_Seco,5000.0,0.2,0.15,7500.0,0.25,0.2,10000.0,0.3,0.25,39.8618,37.551500000000004,42.1721,0.1
780.0,780.0,0.8374761429853971,0.0399987448336421,0.0001,3.0000000000000005e-06,0,1000000.0,2276540.2722981856,8000000.0,18.0,19.823628960425975,28.0,0.1500000000000909,True,Coqueiro_Seco,5000.0,0.2,0.15,7500.0,0.25,0.2,10000.0,0.3,0.25,40.04,37.7,42.379999999999995,0.1
790.0,790.05,0.7128591565038448,0.081555539297478,0.0001,3.0000000000000005e-06,0,1000000.0,3285429.214971551,8000000.0,18.0,21.264898878530783,28.0,0.1500000000000909,True,Coqueiro_Seco,5000.0,0.2,0.15,7500.0,0.25,0.2,10000.0,0.3,0.25,40.2209,37.85075,42.591049999999996,0.1
800.0,800.1,0.7705123305791521,0.0502057935054038,0.0001,3.0000000000000005e-06,0,1000000.0,3334691.9252886693,8000000.0,18.0,21.335274178983813,28.0,0.1500000000000909,True,Coqueiro_Seco,5000.0,0.2,0.15,7500.0,0.25,0.2,10000.0,0.3,0.25,40.4018,38.0015,42.8021,0.1
810.0,810.0,0.8364902866076058,0.047508551211313,0.0001,3.0000000000000005e-06,0,1000000.0,2773814.600461408,8000000.0,18.0,20.53402085780201,28.0,0.1500000000000909,True,Coqueiro_Seco,5000.0,0.2,0.15,7500.0,0.25,0.2,10000.0,0.3,0.25,40.58,38.15,43.010000000000005,0.1
820.0,820.05,0.6831441405748344,0.0921560836229815,0.0001,3.0000000000000005e-06,0,1000000.0,2758184.0235819514,8000000.0,18.0,20.51169146225993,28.0,0.1500000000000909,True,Coqueiro_Seco,5000.0,0.2,0.15,7500.0,0.25,0.2,10000.0,0.3,0.25,40.7609,38.30075,43.22105,0.1
830.0,830.1,0.8331916832656134,0.0351442728660675,0.0001,3.0000000000000005e-06,0,1000000.0,2661006.9874852337,8000000.0,18.0,20.372867124978903,28.0,0.1500000000000909,True,Coqueiro_Seco,5000.0,0.2,0.15,7500.0,0.25,0.2,10000.0,0.3,0.25,40.9418,38.451499999999996,43.432100000000005,0.1
840.0,840.0,0.6724857092685267,0.0855831750289086,0.0001,3.0000000000000005e-06,0,1000000.0,3408608.3789394097,8000000.0,18.0,21.440869112770585,28.0,0.1500000000000909,True,Coqueiro_Seco,5000.0,0.2,0.15,7500.0,0.25,0.2,10000.0,0.3,0.25,41.12,38.6,43.64,0.1
850.0,850.05,0.8166056414628388,0.0380695802128331,0.0001,3.0000000000000005e-06,0,1000000.0,2696967.435488511,8000000.0,18.0,20.42423919355501,28.0,0.1500000000000909,True,Coqueiro_Seco,5000.0,0.2,0.15,7500.0,0.25,0.2,10000.0,0.3,0.25,41.3009,38.75075,43.85105,0.1
860.0,860.1,0.6546896553978018,0.084636138514105,2.9099707094439684,3.142857094350444e-06,0,1090909.0909090908,3713200.18881229,8318181.818181818,18.454545454545453,21.96065334649478,28.318181818181817,0.1500000000000909,True,Coqueiro_Seco,5000.0,0.2,0.15,7500.0,0.25,0.2,10000.0,0.3,0.25,41.4818,38.9015,44.0621,0.1
870.0,870.0,0.6794970719884428,0.088594409475003,2.676275197067856,3.1406249507259506e-06,0,1089552.2388059702,3536407.731820565,8313432.835820896,18.44776119402985,21.74697859122664,28.31343283582089,0.1500000000000909,True,Coqueiro_Seco,5000.0,0.2,0.15,7500.0,0.25,0.2,10000.0,0.3,0.25,41.66,39.05,44.269999999999996,0.1
880.0,880.05,0.9725937156051008,0.0128784951013346,0.0001,3.0000000000000005e-06,0,1000000.0,2619050.499612914,8000000.0,18.0,20.312929285161307,28.0,0.1500000000000909,True,Coqueiro_Seco,5000.0,0.2,0.15,7500.0,0.25,0.2,10000.0,0.3,0.25,41.8409,39.20075,44.481049999999996,0.1
890.0,890.1,0.8031582238417269,0.0418547823393417,0.0001,3.0000000000000005e-06,0,1000000.0,3813836.269846595,8000000.0,18.0,22.01976609978085,28.0,0.1500000000000909,True,Coqueiro_Seco,5000.0,0.2,0.15,7500.0,0.25,0.2,10000.0,0.3,0.25,42.0218,39.3515,44.6921,0.1
900.0,900.0,0.761094615013034,0.0621788401347975,0.0001,3.0000000000000005e-06,0,1000000.0,3490850.014279969,8000000.0,18.0,21.5583571632571,28.0,0.1500000000000909,True,Coqueiro_Seco,5000.0,0.2,0.15,7500.0,0.25,0.2,10000.0,0.3,0.25,42.2,39.5,44.9,0.1
910.0,910.05,0.5821410131880628,0.0932130882687488,0.0001,3.0000000000000005e-06,0,1000000.0,4864446.48328482,8000000.0,18.0,23.520637833264026,28.0,0.1500000000000909,True,Coqueiro_Seco,5000.0,0.2,0.15,7500.0,0.25,0.2,10000.0,0.3,0.25,42.3809,39.65075,45.11105,0.1
920.0,920.1,0.5632091306497067,0.1070045109412777,3.73205500307812,3.193548318029702e-06,0,1121212.121212121,4277350.070027398,8424242.424242424,18.60606060606061,22.866850460744924,28.424242424242426,0.1500000000000909,True,Coqueiro_Seco,5000.0,0.2,0.15,7500.0,0.25,0.2,10000.0,0.3,0.25,42.5618,39.801500000000004,45.322100000000006,0.1
930.0,930.0,0.5241989985878039,0.1116535207888182,10.128839898102052,3.6545451647928697e-06,0,1358208.9552238807,4979867.95669194,9253731.343283582,19.791044776119403,24.098228801087533,29.253731343283583,0.1500000000000909,True,Coqueiro_Seco,5000.0,0.2,0.15,7500.0,0.25,0.2,10000.0,0.3,0.25,42.739999999999995,39.95,45.53,0.1
940.0,940.05,0.5836438000083368,0.1002409996233279,0.0001,3.0000000000000005e-06,0,1000000.0,4351084.267263749,8000000.0,18.0,22.787263238948213,28.0,0.1500000000000909,True,Coqueiro_Seco,5000.0,0.2,0.15,7500.0,0.25,0.2,10000.0,0.3,0.25,42.920899999999996,40.10075,45.74105,0.1
950.0,950.1,0.4450616113081789,0.1358774673496827,19.75173542721046,4.399999332679649e-06,0,1636363.6363636365,6375513.251311603,10227272.727272728,21.181818181818183,26.055703993835053,30.227272727272727,0.1500000000000909,True,Coqueiro_Seco,5000.0,0.2,0.15,7500.0,0.25,0.2,10000.0,0.3,0.25,43.1018,40.2515,45.9521,0.1
960.0,960.0,0.6058541542055965,0.10371629498684,13.745312843058802,3.654545244082988e-06,0,1358208.9552238807,4526094.221919837,9253731.343283582,19.791044776119403,23.595026907190935,29.253731343283583,0.1500000000000909,True,Coqueiro_Seco,5000.0,0.2,0.15,7500.0,0.25,0.2,10000.0,0.3,0.25,43.28,40.4,46.16,0.1
970.0,970.05,0.423307994211072,0.1384634535809488,21.651792644010968,4.736841143291289e-06,0,1733333.3333333333,7041376.531628724,10566666.666666666,21.666666666666668,26.31551751608834,30.566666666666663,0.1500000000000909,True,Coqueiro_Seco,5000.0,0.2,0.15,7500.0,0.25,0.2,10000.0,0.3,0.25,43.460899999999995,40.55075,46.37105,0.1
1380.0,1380.0,0.7993791498497498,0.0389223743341877,0.0001,3.0000000000000005e-06,0,1000000.0,4377749.301205224,8000000.0,18.0,22.82535614457889,28.0,405.6,False,Coqueiro_Seco,5000.0,0.2,0.15,7500.0,0.25,0.2,10000.0,0.3,0.25,50.84,46.7,54.980000000000004,0.1
1390.0,1390.05,0.6920811951438021,0.0501046456396017,0.0001,3.0000000000000005e-06,0,1000000.0,5063638.878040999,8000000.0,18.0,23.805198397201423,28.0,0.1500000000000909,True,Coqueiro_Seco,5000.0,0.2,0.15,7500.0,0.25,0.2,10000.0,0.3,0.25,51.0209,46.850750000000005,55.191050000000004,0.1
1400.0,1400.1,0.7064082568344762,0.049021938694188,5.437137733692871,3.599999552011724e-06,0,1333333.3333333333,6267654.793738932,9166666.666666666,19.666666666666668,25.536997855539106,29.166666666666668,0.1500000000000909,True,Coqueiro_Seco,5000.0,0.2,0.15,7500.0,0.25,0.2,10000.0,0.3,0.25,51.2018,47.0015,55.4021,0.1
1410.0,1410.0,0.7486359554148009,0.0356602089659296,0.0001,3.0000000000000005e-06,0,1000000.0,5148581.876696988,8000000.0,18.0,23.926545538138555,28.0,0.1500000000000909,True,Coqueiro_Seco,5000.0,0.2,0.15,7500.0,0.25,0.2,10000.0,0.3,0.25,51.379999999999995,47.15,55.61,0.1
1420.0,1420.05,0.851668450604766,0.0186823819155225,0.0001,3.0000000000000005e-06,0,1000000.0,5036921.335125615,8000000.0,18.0,23.76703047875088,28.0,0.1500000000000909,True,Coqueiro_Seco,5000.0,0.2,0.15,7500.0,0.25,0.2,10000.0,0.3,0.25,51.5609,47.30075,55.82105,0.1
1430.0,1430.1,0.7754953216010142,0.0257327492999162,0.0001,3.0000000000000005e-06,0,1000000.0,4491571.686656588,8000000.0,18.0,22.987959552366554,28.0,0.1500000000000909,True,Coqueiro_Seco,5000.0,0.2,0.15,7500.0,0.25,0.2,10000.0,0.3,0.25,51.7418,47.451499999999996,56.0321,0.1
1440.0,1440.0,0.7894084816111089,0.0203079680052789,0.0001,3.0000000000000005e-06,0,1000000.0,3535601.540891831,8000000.0,18.0,21.62228791555976,28.0,0.1500000000000909,True,Coqueiro_Seco,5000.0,0.2,0.15,7500.0,0.25,0.2,10000.0,0.3,0.25,51.92,47.6,56.239999999999995,0.1
1450.0,1450.05,0.8121188158379778,0.0183667578826484,0.8061219522786758,3.3499989431344205e-06,0,1208955.223880597,5244828.359434032,8731343.28358209,19.044776119402982,23.760947306414145,28.73134328358209,0.1500000000000909,True,Coqueiro_Seco,5000.0,0.2,0.15,7500.0,0.25,0.2,10000.0,0.3,0.25,52.100899999999996,47.75075,56.451049999999995,0.1
1460.0,1460.1,0.7080638009934415,0.0475396011014688,0.0001,3.0000000000000005e-06,0,1000000.0,5351462.7864860045,8000000.0,18.0,24.21637540926572,28.0,0.1500000000000909,True,Coqueiro_Seco,5000.0,0.2,0.15,7500.0,0.25,0.2,10000.0,0.3,0.25,52.281800000000004,47.9015,56.662099999999995,0.1
1470.0,1470.0,0.6600918661236521,0.0498986639627803,8.571808689493214,4.019999146732117e-06,0,1507462.6865671645,6851099.348612377,9776119.402985075,20.53731343283582,26.348057552812325,29.776119402985078,0.1500000000000909,True,Coqueiro_Seco,5000.0,0.2,0.15,7500.0,0.25,0.2,10000.0,0.3,0.25,52.46,48.05,56.870000000000005,0.1
1480.0,1480.05,0.7281884947751307,0.0408490086864736,4.728458428595362,3.349999815948717e-06,0,1208955.223880597,5788845.451658221,8731343.28358209,19.044776119402982,24.97237431574157,28.73134328358209,0.1500000000000909,True,Coqueiro_Seco,5000.0,0.2,0.15,7500.0,0.25,0.2,10000.0,0.3,0.25,52.6409,48.20075,57.08105,0.1
1490.0,1490.1,0.9287744887764569,0.0103126014139168,0.0001,3.0000000000000005e-06,0,1000000.0,4490142.18491954,8000000.0,18.0,22.985917407027912,28.0,0.1500000000000909,True,Coqueiro_Seco,5000.0,0.2,0.15,7500.0,0.25,0.2,10000.0,0.3,0.25,52.821799999999996,48.3515,57.2921,0.1
1500.0,1500.0,0.8214806940484625,0.0192328282969955,0.0001,3.0000000000000005e-06,0,1000000.0,3622731.881677023,8000000.0,18.0,21.74675983096717,28.0,0.1500000000000909,True,Coqueiro_Seco,5000.0,0.2,0.15,7500.0,0.25,0.2,10000.0,0.3,0.25,53.0,48.5,57.5,0.1
1510.0,1510.05,0.7402929085751542,0.0240688435417263,0.0001,3.0000000000000005e-06,0,1000000.0,5126261.155145707,8000000.0,18.0,23.894658793065297,28.0,0.1500000000000909,True,Coqueiro_Seco,5000.0,0.2,0.15,7500.0,0.25,0.2,10000.0,0.3,0.25,53.180899999999994,48.65075,57.71105,0.1
1520.0,1520.1,0.7280056699173021,0.026392372202258,0.0001,3.0000000000000005e-06,0,1000000.0,4774719.831793725,8000000.0,18.0,23.392456902562465,28.0,0.1500000000000909,True,Coqueiro_Seco,5000.0,0.2,0.15,7500.0,0.25,0.2,10000.0,0.3,0.25,53.3618,48.801500000000004,57.9221,0.1
1530.0,1530.0,0.6821951796915263,0.035826836137784,6.323835846008781,3.6545444777596977e-06,0,1358208.9552238807,4941111.120338999,9253731.343283582,19.791044776119403,23.713354805164823,29.253731343283583,0.1500000000000909,True,Coqueiro_Seco,5000.0,0.2,0.15,7500.0,0.25,0.2,10000.0,0.3,0.25,53.54,48.95,58.13,0.1
1540.0,1540.05,0.7003746389044685,0.0390512587242984,3.138197973171116,3.3499996742406463e-06,0,1208955.223880597,4101295.213175889,8731343.28358209,19.044776119402982,22.40237272435605,28.73134328358209,0.1500000000000909,True,Coqueiro_Seco,5000.0,0.2,0.15,7500.0,0.25,0.2,10000.0,0.3,0.25,53.7209,49.100750000000005,58.34105,0.1
1550.0,1550.1,0.5632290653057401,0.0577289997456857,5.88747600144656,4.21276409002555e-06,0,1575757.5757575757,7244132.729888272,10015151.515151516,20.87878787878788,26.693742404522848,30.01515151515152,0.1500000000000909,True,Coqueiro_Seco,5000.0,0.2,0.15,7500.0,0.25,0.2,10000.0,0.3,0.25,53.901799999999994,49.2515,58.552099999999996,0.1
1560.0,1560.0,0.5689396613742174,0.0644817056090325,11.90029999356483,4.1874987828255735e-06,0,1567164.1791044776,7580001.429322564,9985074.626865672,20.83582089552239,27.20922269087133,29.98507462686567,0.1500000000000909,True,Coqueiro_Seco,5000.0,0.2,0.15,7500.0,0.25,0.2,10000.0,0.3,0.25,54.08,49.4,58.76,0.1
1570.0,1570.05,0.7191075093074524,0.0376187457256099,1.050019101177413,3.241935110374897e-06,0,1149253.7313432836,5798058.347923029,8522388.059701493,18.746268656716417,24.74940024137523,28.52238805970149,0.1500000000000909,True,Coqueiro_Seco,5000.0,0.2,0.15,7500.0,0.25,0.2,10000.0,0.3,0.25,54.2609,49.55075,58.97105,0.1
1580.0,1580.1,0.7023976686601606,0.0374868936158777,3.648770186650197,3.735848020247728e-06,0,1393939.393939394,6589039.299406717,9378787.87878788,19.96969696969697,25.57088471652286,29.37878787878788,0.1500000000000909,True,Coqueiro_Seco,5000.0,0.2,0.15,7500.0,0.25,0.2,10000.0,0.3,0.25,54.4418,49.701499999999996,59.1821,0.1
1590.0,1590.0,0.6717086753544522,0.0483668170241694,7.816000169288588,3.4655170535600184e-06,0,1268656.7164179103,5569176.008067152,8940298.507462686,19.34328358208955,24.572808327717222,28.94029850746269,0.1500000000000909,True,Coqueiro_Seco,5000.0,0.2,0.15,7500.0,0.25,0.2,10000.0,0.3,0.25,54.620000000000005,49.85,59.39,0.1
1600.0,1600.05,0.5156717254099028,0.0806471383773455,26.435087368856745,7.178566746208513e-06,1,2164179.104477612,8669091.6733794,12074626.865671642,23.82089552238806,29.166267716688026,32.07462686567164,0.1500000000000909,True,Coqueiro_Seco,5000.0,0.2,0.15,7500.0,0.25,0.2,10000.0,0.3,0.25,54.8009,50.00075,59.601049999999994,0.1
1610.0,1610.1,0.8308043730281415,0.0264800222545403,0.0001,3.0000000000000005e-06,0,1000000.0,5108672.1814294215,8000000.0,18.0,23.86953168775632,28.0,0.1500000000000909,True,Coqueiro_Seco,5000.0,0.2,0.15,7500.0,0.25,0.2,10000.0,0.3,0.25,54.9818,50.1515,59.8121,0.1
1620.0,1620.0,0.5628166777483179,0.0611243539743427,6.64808134936208,4.019998660207284e-06,0,1507462.6865671645,7222040.744356026,9776119.402985075,20.53731343283582,26.70957664790138,29.776119402985078,0.1500000000000909,True,Coqueiro_Seco,5000.0,0.2,0.15,7500.0,0.25,0.2,10000.0,0.3,0.25,55.16,50.3,60.02,0.1
1630.0,1630.05,0.8652358769950403,0.0137665015046642,0.0001,3.0000000000000005e-06,0,1000000.0,3822542.1029285872,8000000.0,18.0,22.032203004183696,28.0,0.1500000000000909,True,Coqueiro_Seco,5000.0,0.2,0.15,7500.0,0.25,0.2,10000.0,0.3,0.25,55.3409,50.45075,60.231049999999996,0.1
1640.0,1640.1,0.7189466707966421,0.0275059155935261,1.6228984875907728,3.355931595959148e-06,0,1212121.2121212122,5311539.111398323,8742424.242424242,19.060606060606062,24.15219480918833,28.74242424242424,0.1500000000000909,True,Coqueiro_Seco,5000.0,0.2,0.15,7500.0,0.25,0.2,10000.0,0.3,0.25,55.5218,50.6015,60.442099999999996,0.1
1650.0,1650.0,0.7189331513334131,0.037162880218555,1.865641530830518,3.295081654776521e-06,0,1179104.4776119404,5588154.546360335,8626865.671641791,18.895522388059703,24.5183311331513,28.62686567164179,0.1500000000000909,True,Coqueiro_Seco,5000.0,0.2,0.15,7500.0,0.25,0.2,10000.0,0.3,0.25,55.7,50.75,60.65,0.1
1660.0,1660.05,0.6861537346479674,0.040828473678538,2.8082370415550453,3.4067792651025674e-06,0,1238805.9701492535,6615572.878008674,8835820.895522388,19.19402985074627,25.990008716264217,28.83582089552239,0.1500000000000909,True,Coqueiro_Seco,5000.0,0.2,0.15,7500.0,0.25,0.2,10000.0,0.3,0.25,55.8809,50.90075,60.86105,0.1
1670.0,1670.1,0.8306001703562904,0.0238926133659048,0.0001,3.0000000000000005e-06,0,1000000.0,4719588.358302835,8000000.0,18.0,23.313697654718336,28.0,0.1500000000000909,True,Coqueiro_Seco,5000.0,0.2,0.15,7500.0,0.25,0.2,10000.0,0.3,0.25,56.0618,51.051500000000004,61.0721,0.1
1680.0,1680.0,0.660229157805853,0.034957086637632,4.383392686978226,3.722221381733356e-06,0,1388059.7014925373,6747247.6594041325,9358208.95522388,19.94029850746269,25.942517620233257,29.35820895522388,0.1500000000000909,True,Coqueiro_Seco,5000.0,0.2,0.15,7500.0,0.25,0.2,10000.0,0.3,0.25,56.239999999999995,51.2,61.28,0.1
1690.0,1690.05,0.554991214169344,0.0506992325145337,8.711088307517876,5.024996776714727e-06,0,1805970.1492537316,8962129.59144791,10820895.52238806,22.029850746268657,28.50359778970288,30.82089552238806,0.1500000000000909,True,Coqueiro_Seco,5000.0,0.2,0.15,7500.0,0.25,0.2,10000.0,0.3,0.25,56.420899999999996,51.350750000000005,61.491049999999994,0.1
1700.0,1700.1,0.759107947948985,0.0403095805011539,10.85674259251612,3.666666390473687e-06,0,1363636.3636363635,5870598.626534749,9272727.272727272,19.818181818181817,25.038882871928127,29.272727272727277,0.1500000000000909,True,Coqueiro_Seco,5000.0,0.2,0.15,7500.0,0.25,0.2,10000.0,0.3,0.25,56.6018,51.5015,61.7021,0.1
1710.0,1710.0,0.2417289399185564,0.1409385230847201,54.64442739595794,8.046177803970734,1,3000000.0,11051873.231812617,15000000.0,28.0,32.69692605189069,35.0,0.1500000000000909,True,Coqueiro_Seco,5000.0,0.2,0.15,7500.0,0.25,0.2,10000.0,0.3,0.25,56.78,51.65,61.91,0.1
1720.0,1720.05,0.2805116733325418,0.1293808203365601,47.98809536098621,4.019979598629431e-05,1,2850746.268656716,10571858.265566371,14477611.940298509,27.253731343283583,32.054914952821,34.47761194029851,0.1500000000000909,True,Coqueiro_Seco,5000.0,0.2,0.15,7500.0,0.25,0.2,10000.0,0.3,0.25,56.960899999999995,51.80075,62.12105,0.1
1730.0,1730.1,0.600273933887146,0.0589428088546603,12.868084745134864,4.714284120709319e-06,0,1727272.7272727273,7822830.6912339805,10545454.545454543,21.63636363636364,27.47595756949189,30.545454545454547,0.1500000000000909,True,Coqueiro_Seco,5000.0,0.2,0.15,7500.0,0.25,0.2,10000.0,0.3,0.25,57.1418,51.951499999999996,62.3321,0.1
1740.0,1740.0,0.700279650428811,0.022477129079708,1.03251494251278,3.3499990935016537e-06,0,1208955.223880597,6261090.809820959,8731343.28358209,19.044776119402982,25.298297363517488,28.73134328358209,0.1500000000000909,True,Coqueiro_Seco,5000.0,0.2,0.15,7500.0,0.25,0.2,10000.0,0.3,0.25,57.32,52.1,62.54,0.1
1750.0,1750.05,0.9065453306404492,0.0108281637890228,0.0001,3.0000000000000005e-06,0,1000000.0,3576130.534995659,8000000.0,18.0,21.680186478565226,28.0,0.1500000000000909,True,Coqueiro_Seco,5000.0,0.2,0.15,7500.0,0.25,0.2,10000.0,0.3,0.25,57.5009,52.25075,62.75104999999999,0.1
1760.0,1760.1,0.6808206550250356,0.0369360182856659,0.9802575392675844,3.245901224141594e-06,0,1151515.1515151516,6174430.97564564,8530303.030303031,18.75757575757576,25.26373484253605,28.53030303030303,0.1500000000000909,True,Coqueiro_Seco,5000.0,0.2,0.15,7500.0,0.25,0.2,10000.0,0.3,0.25,57.681799999999996,52.4015,62.9621,0.1
1770.0,1770.0,0.8668849078262009,0.0156150296596636,0.0001,3.0000000000000005e-06,0,1000000.0,4693957.6583555965,8000000.0,18.0,23.277082369079423,28.0,0.1500000000000909,True,Coqueiro_Seco,5000.0,0.2,0.15,7500.0,0.25,0.2,10000.0,0.3,0.25,57.86,52.55,63.17,0.1
1780.0,1780.05,0.4160783218385074,0.088498833295251,25.315802186496352,1.2562474300898012e-05,1,2522388.0597014925,11104990.616144108,13328358.208955225,25.611940298507463,31.57370574758992,33.32835820895522,0.1500000000000909,True,Coqueiro_Seco,5000.0,0.2,0.15,7500.0,0.25,0.2,10000.0,0.3,0.25,58.0409,52.70075,63.381049999999995,0.1
1790.0,1790.1,0.5012740420311051,0.0818289169965421,26.684362273819676,7.071423954633327e-06,1,2151515.1515151514,8855490.48335234,12030303.030303031,23.75757575757576,28.68776636274845,32.03030303030303,0.1500000000000909,True,Coqueiro_Seco,5000.0,0.2,0.15,7500.0,0.25,0.2,10000.0,0.3,0.25,58.2218,52.8515,63.5921,0.1
1800.0,1800.0,0.3167018923040358,0.0921669885436501,22.47947254392897,1.5461483603960703e-05,1,2611940.2985074627,11938591.854621427,13641791.04477612,26.059701492537314,32.36155987973921,33.64179104477612,0.1500000000000909,True,Coqueiro_Seco,5000.0,0.2,0.15,7500.0,0.25,0.2,10000.0,0.3,0.25,58.4,53.0,63.8,0.1
1810.0,1810.05,0.7264289629536332,0.0305880981294744,4.261630882535892,3.722221366713055e-06,0,1388059.7014925373,6765765.317605147,9358208.95522388,19.94029850746269,25.88849663212481,29.35820895522388,0.1500000000000909,True,Coqueiro_Seco,5000.0,0.2,0.15,7500.0,0.25,0.2,10000.0,0.3,0.25,58.5809,53.15075,64.01105,0.1
1820.0,1820.1,0.8179548327617685,0.0320782338053074,2.4652413420613835,3.1935482802588607e-06,0,1121212.121212121,5677994.43039672,8424242.424242424,18.60606060606061,24.628752482672542,28.424242424242426,0.1500000000000909,True,Coqueiro_Seco,5000.0,0.2,0.15,7500.0,0.25,0.2,10000.0,0.3,0.25,58.7618,53.301500000000004,64.2221,0.1
1830.0,1830.0,0.4637520921806533,0.0568836895644662,11.73849535277182,5.583328563592855e-06,0,1925373.134328358,9516379.9496362,11238805.970149254,22.62686567164179,29.10564451280364,31.23880597014925,0.1500000000000909,True,Coqueiro_Seco,5000.0,0.2,0.15,7500.0,0.25,0.2,10000.0,0.3,0.25,58.94,53.45,64.43,0.1
1840.0,1840.05,0.5692305952380287,0.0657253162172719,13.852107326053329,4.187499151217529e-06,0,1567164.1791044776,8198250.68777168,9985074.626865672,20.83582089552239,28.034007896420967,29.98507462686567,0.1500000000000909,True,Coqueiro_Seco,5000.0,0.2,0.15,7500.0,0.25,0.2,10000.0,0.3,0.25,59.1209,53.600750000000005,64.64104999999999,0.1
1850.0,1850.1,0.4831446000354553,0.0750322034537123,16.90483139175933,5.49999730390305e-06,0,1909090.9090909087,9118863.05976954,11181818.181818182,22.545454545454547,29.003782841788105,31.181818181818183,0.1500000000000909,True,Coqueiro_Seco,5000.0,0.2,0.15,7500.0,0.25,0.2,10000.0,0.3,0.25,59.30179999999999,53.7515,64.85210000000001,0.1
1860.0,1860.0,0.7149085448268679,0.0432285554291851,10.623629593205823,4.019999339691251e-06,0,1507462.6865671645,8318796.211283013,9776119.402985075,20.53731343283582,28.10597175077836,29.776119402985078,0.1500000000000909,True,Coqueiro_Seco,5000.0,0.2,0.15,7500.0,0.25,0.2,10000.0,0.3,0.25,59.48,53.9,65.06,0.1
1870.0,1870.05,0.887729076837946,0.0163116311046638,0.0001,3.0000000000000005e-06,0,1000000.0,6354969.691139549,8000000.0,18.0,25.649956701627925,28.0,0.1500000000000909,True,Coqueiro_Seco,5000.0,0.2,0.15,7500.0,0.25,0.2,10000.0,0.3,0.25,59.6609,54.05075,65.27105,0.1
1880.0,1880.1,0.7033444976888604,0.0298712601002536,0.6289779550872797,3.1428569229652807e-06,0,1090909.0909090908,6829016.878725036,8318181.818181818,18.454545454545453,26.217434284105057,28.318181818181817,0.1500000000000909,True,Coqueiro_Seco,5000.0,0.2,0.15,7500.0,0.25,0.2,10000.0,0.3,0.25,59.84179999999999,54.201499999999996,65.4821,0.1
1890.0,1890.0,0.2882993351786747,0.0561898577321672,7.0127701808875536,8.37496445149738e-06,1,2283582.0895522386,11831431.22252188,12492537.313432837,24.417910447761194,31.573904299048014,32.492537313432834,0.1500000000000909,True,Coqueiro_Seco,5000.0,0.2,0.15,7500.0,0.25,0.2,10000.0,0.3,0.25,60.02,54.35,65.69,0.1
1900.0,1900.05,0.7446046189046239,0.0327571973940042,0.0001,3.0000000000000005e-06,0,1000000.0,6163470.174970855,8000000.0,18.0,25.37638596424408,28.0,0.1500000000000909,True,Coqueiro_Seco,5000.0,0.2,0.15,7500.0,0.25,0.2,10000.0,0.3,0.25,60.200900000000004,54.50075,65.90105,0.1
1910.0,1910.1,0.5503653956378911,0.0567523506332429,2.7462959808581817,3.473683499425268e-06,0,1272727.2727272727,7525042.403856766,8954545.454545455,19.363636363636363,27.00887185150861,28.954545454545453,0.1500000000000909,True,Coqueiro_Seco,5000.0,0.2,0.15,7500.0,0.25,0.2,10000.0,0.3,0.25,60.3818,54.6515,66.1121,0.1
1920.0,1920.0,0.7693159133829628,0.0284519451168484,0.0001,3.0000000000000005e-06,0,1000000.0,5789324.258407581,8000000.0,18.0,24.841891797725115,28.0,0.1500000000000909,True,Coqueiro_Seco,5000.0,0.2,0.15,7500.0,0.25,0.2,10000.0,0.3,0.25,60.56,54.8,66.32,0.1
1930.0,1930.05,0.6311825470400417,0.0447846145951536,0.7560072006009577,3.0923076166367474e-06,0,1059701.4925373134,6890167.946746677,8208955.223880597,18.29850746268657,26.371577989265877,28.2089552238806,0.1500000000000909,True,Coqueiro_Seco,5000.0,0.2,0.15,7500.0,0.25,0.2,10000.0,0.3,0.25,60.7409,54.95075,66.53105,0.1
1940.0,1940.1,0.5453710619754356,0.0795735032466246,10.282131800764695,3.8823523816870016e-06,0,1454545.4545454546,7778074.090590671,9590909.090909092,20.272727272727277,27.48988046828247,29.59090909090909,0.1500000000000909,True,Coqueiro_Seco,5000.0,0.2,0.15,7500.0,0.25,0.2,10000.0,0.3,0.25,60.9218,55.1015,66.7421,0.1
1950.0,1950.0,0.7660615791093394,0.0322000082390807,0.0001,3.0000000000000005e-06,0,1000000.0,6032787.691058357,8000000.0,18.0,25.189696701511934,28.0,0.1500000000000909,True,Coqueiro_Seco,5000.0,0.2,0.15,7500.0,0.25,0.2,10000.0,0.3,0.25,61.1,55.25,66.95,0.1
1960.0,1960.05,0.6453564160561958,0.0430038924377562,2.929772237330124,3.722220945907834e-06,0,1388059.7014925373,6668350.741945329,9358208.95522388,19.94029850746269,25.65910820667853,29.35820895522388,0.1500000000000909,True,Coqueiro_Seco,5000.0,0.2,0.15,7500.0,0.25,0.2,10000.0,0.3,0.25,61.2809,55.40075,67.16104999999999,0.1
1970.0,1970.1,0.6037736338017988,0.056107724988662,7.707688704623179,3.959999054290871e-06,0,1484848.4848484849,7646913.548013052,9696969.696969695,20.424242424242426,26.983797537688822,29.696969696969692,0.1500000000000909,True,Coqueiro_Seco,5000.0,0.2,0.15,7500.0,0.25,0.2,10000.0,0.3,0.25,61.4618,55.551500000000004,67.37209999999999,0.1
1980.0,1980.0,0.7194143116498384,0.0394171002542372,2.811530467910733,3.4067792481404074e-06,0,1238805.9701492535,6449377.366458157,8835820.895522388,19.19402985074627,25.573640360319757,28.83582089552239,0.1500000000000909,True,Coqueiro_Seco,5000.0,0.2,0.15,7500.0,0.25,0.2,10000.0,0.3,0.25,61.64,55.7,67.58,0.1
1990.0,1990.05,0.7320155370742285,0.0310459943559665,2.566370528811287,3.295081701012413e-06,0,1179104.4776119404,7246945.457288238,8626865.671641791,18.895522388059703,26.732187081359672,28.62686567164179,0.1500000000000909,True,Coqueiro_Seco,5000.0,0.2,0.15,7500.0,0.25,0.2,10000.0,0.3,0.25,61.8209,55.850750000000005,67.79105,0.1
2000.0,2000.1,0.5904109234205224,0.0513496435617788,5.3784851077858695,3.80769134680066e-06,0,1424242.4242424243,8190780.500857949,9484848.484848484,20.12121212121212,27.73247060110652,29.484848484848484,0.1500000000000909,True,Coqueiro_Seco,5000.0,0.2,0.15,7500.0,0.25,0.2,10000.0,0.3,0.25,62.001799999999996,56.0015,68.0021,0.1
2010.0,2010.0,0.5835553086902033,0.0520971511723104,8.968740741883828,4.568179585105864e-06,0,1686567.1641791044,8830163.15018334,10402985.074626865,21.432835820895523,28.6488216113358,30.402985074626866,0.1500000000000909,True,Coqueiro_Seco,5000.0,0.2,0.15,7500.0,0.25,0.2,10000.0,0.3,0.25,62.18,56.15,68.21000000000001,0.1
2020.0,2020.05,0.5343869857238029,0.0623048750816908,11.97684690907508,5.024995428233979e-06,0,1805970.1492537316,8362792.501133339,10820895.52238806,22.029850746268657,28.22694564780274,30.82089552238806,0.1500000000000909,True,Coqueiro_Seco,5000.0,0.2,0.15,7500.0,0.25,0.2,10000.0,0.3,0.25,62.3609,56.30075,68.42105,0.1
2030.0,2030.1,0.5112361227422021,0.0708144130844043,18.67908213639135,5.351349066547482e-06,0,1878787.878787879,9235775.829894032,11075757.575757576,22.393939393939394,29.296588496589635,31.07575757575757,0.1500000000000909,True,Coqueiro_Seco,5000.0,0.2,0.15,7500.0,0.25,0.2,10000.0,0.3,0.25,62.541799999999995,56.451499999999996,68.63210000000001,0.1
2040.0,2040.0,0.4593833812546244,0.0791800735326406,24.170314527716933,7.17856546668584e-06,1,2164179.104477612,10151526.680908663,12074626.865671642,23.82089552238806,30.433278180604432,32.07462686567164,0.1500000000000909,True,Coqueiro_Seco,5000.0,0.2,0.15,7500.0,0.25,0.2,10000.0,0.3,0.25,62.72,56.6,68.84,0.1
2050.0,2050.05,0.6364927047454597,0.0362522512887598,2.880345381879195,3.589284812451845e-06,0,1328358.208955224,7719013.787714739,9149253.731343284,19.64179104477612,27.353285823188923,29.149253731343283,0.1500000000000909,True,Coqueiro_Seco,5000.0,0.2,0.15,7500.0,0.25,0.2,10000.0,0.3,0.25,62.9009,56.750750000000004,69.05105,0.1
2060.0,2060.1,0.3914266466416911,0.0571756014361624,9.53645247021779,5.657134603956084e-06,0,1939393.9393939397,10437364.030900478,11287878.787878787,22.696969696969692,30.30505020534212,31.28787878787879,0.1500000000000909,True,Coqueiro_Seco,5000.0,0.2,0.15,7500.0,0.25,0.2,10000.0,0.3,0.25,63.081799999999994,56.9015,69.2621,0.1
2070.0,2070.0,0.3969213364560737,0.0484218123311135,10.07701131701902,5.742851357933699e-06,0,1955223.880597015,10632721.787833177,11343283.582089553,22.776119402985078,30.475605177204468,31.34328358208955,0.1500000000000909,True,Coqueiro_Seco,5000.0,0.2,0.15,7500.0,0.25,0.2,10000.0,0.3,0.25,63.26,57.05,69.47,0.1
2080.0,2080.05,0.5336758887329269,0.0448086510705538,6.327562231432732,4.369562811235918e-06,0,1626865.671641791,8691545.22985098,10194029.850746268,21.134328358208958,28.4933446386763,30.19402985074627,0.1500000000000909,True,Coqueiro_Seco,5000.0,0.2,0.15,7500.0,0.25,0.2,10000.0,0.3,0.25,63.4409,57.20075,69.68105,0.1
2090.0,2090.1,0.6807303283008468,0.0194245880401326,0.1850448690936744,3.2999966371216595e-06,0,1181818.181818182,7386754.190033764,8636363.636363637,18.90909090909091,26.85120728446382,28.63636363636364,0.1500000000000909,True,Coqueiro_Seco,5000.0,0.2,0.15,7500.0,0.25,0.2,10000.0,0.3,0.25,63.62179999999999,57.3515,69.8921,0.1
2100.0,2100.0,0.6190746800636593,0.0319671130176386,5.430369071515912,4.019996241463208e-06,0,1507462.6865671645,8178783.832054525,9776119.402985075,20.53731343283582,27.82340617769543,29.776119402985078,0.1500000000000909,True,Coqueiro_Seco,5000.0,0.2,0.15,7500.0,0.25,0.2,10000.0,0.3,0.25,63.8,57.5,70.1,0.1
2110.0,2110.05,0.4856758765008318,0.0344155181469687,4.560338273410986,4.785708565655403e-06,0,1746268.656716418,9257458.747257655,10611940.298507463,21.73134328358209,28.729192827721626,30.611940298507463,0.1500000000000909,True,Coqueiro_Seco,5000.0,0.2,0.15,7500.0,0.25,0.2,10000.0,0.3,0.25,63.9809,57.65075,70.31105,0.1
2120.0,2120.1,0.6021284194884594,0.0338545703106989,4.909669337901235,4.040808159847656e-06,0,1515151.5151515151,8093213.541575434,9803030.303030305,20.57575757575757,27.826128617825617,29.803030303030305,0.1500000000000909,True,Coqueiro_Seco,5000.0,0.2,0.15,7500.0,0.25,0.2,10000.0,0.3,0.25,64.1618,57.801500000000004,70.5221,0.1
2130.0,2130.0,0.7229745577029643,0.0227699271257394,1.52622531077061,3.349999449115469e-06,0,1208955.223880597,7269500.309324679,8731343.28358209,19.044776119402982,26.80957090282609,28.73134328358209,0.1500000000000909,True,Coqueiro_Seco,5000.0,0.2,0.15,7500.0,0.25,0.2,10000.0,0.3,0.25,64.34,57.95,70.72999999999999,0.1
2140.0,2140.05,0.5173722204560444,0.0294095887406578,2.602456187514581,4.187484307049414e-06,0,1567164.1791044776,8639104.711054098,9985074.626865672,20.83582089552239,28.435604411939785,29.98507462686567,0.1500000000000909,True,Coqueiro_Seco,5000.0,0.2,0.15,7500.0,0.25,0.2,10000.0,0.3,0.25,64.52090000000001,58.100750000000005,70.94105,0.1
2150.0,2150.1,0.5395935954617641,0.0373777077416076,5.5222807277217,4.399994350736695e-06,0,1636363.6363636365,8594423.098453673,10227272.727272728,21.181818181818183,28.27839660668445,30.227272727272727,0.1500000000000909,True,Coqueiro_Seco,5000.0,0.2,0.15,7500.0,0.25,0.2,10000.0,0.3,0.25,64.70179999999999,58.2515,71.15209999999999,0.1
2160.0,2160.0,0.6285920227296413,0.0235958838269985,2.6087141487015817,3.86537280319882e-06,0,1447761.194029851,7917482.208934579,9567164.179104475,20.23880597014925,27.333269704512084,29.56716417910448,0.1500000000000909,True,Coqueiro_Seco,5000.0,0.2,0.15,7500.0,0.25,0.2,10000.0,0.3,0.25,64.88,58.4,71.36,0.1
2170.0,2170.05,0.5238151597801274,0.0342042702708171,2.449808118864077,4.36953560254261e-06,0,1626865.671641791,9279082.006846322,10194029.850746268,21.134328358208958,29.0093511177211,30.19402985074627,0.1500000000000909,True,Coqueiro_Seco,5000.0,0.2,0.15,7500.0,0.25,0.2,10000.0,0.3,0.25,65.0609,58.55075,71.57105,0.1
2180.0,2180.1,0.4174237866002029,0.0192887813162217,1.3056896874697812,5.999875925776109e-06,0,2000000.0,10947794.436793368,11500000.0,23.0,30.81296288462678,31.5,0.1500000000000909,True,Coqueiro_Seco,5000.0,0.2,0.15,7500.0,0.25,0.2,10000.0,0.3,0.25,65.2418,58.7015,71.7821,0.1
2190.0,2190.0,0.1386470607796787,0.0140140267120453,0.8531035615789775,2.8706591667853013e-05,1,2791044.776119403,14155916.759043517,14268656.71641791,26.95522388059701,34.12871135697591,34.26865671641791,0.1500000000000909,True,Coqueiro_Seco,5000.0,0.2,0.15,7500.0,0.25,0.2,10000.0,0.3,0.25,65.42,58.85,71.99000000000001,0.1
2200.0,2200.05,0.3589516879344681,0.0354659015558732,4.189654846248939,8.374779153393056e-06,1,2283582.0895522386,11455940.158577316,12492537.313432837,24.417910447761194,31.351083634529296,32.492537313432834,0.1500000000000909,True,Coqueiro_Seco,5000.0,0.2,0.15,7500.0,0.25,0.2,10000.0,0.3,0.25,65.6009,59.00075,72.20105000000001,0.1
2210.0,2210.1,0.7361570960085011,0.015782611662807,0.0001,3.0000000000000005e-06,0,1000000.0,7047031.783906523,8000000.0,18.0,26.63861683415217,28.0,0.1500000000000909,True,Coqueiro_Seco,5000.0,0.2,0.15,7500.0,0.25,0.2,10000.0,0.3,0.25,65.7818,59.1515,72.4121,0.1
2220.0,2220.0,0.6549612755483258,0.0163093788777367,0.2543116929523187,3.4655059298272542e-06,0,1268656.7164179103,7837803.437172857,8940298.507462686,19.34328358208955,27.3878452060476,28.94029850746269,0.1500000000000909,True,Coqueiro_Seco,5000.0,0.2,0.15,7500.0,0.25,0.2,10000.0,0.3,0.25,65.96000000000001,59.3,72.62,0.1
2230.0,2230.05,0.7537902352240868,0.0145443446420927,0.0001,3.0000000000000005e-06,0,1000000.0,6462116.370215723,8000000.0,18.0,25.803023386022463,28.0,0.1500000000000909,True,Coqueiro_Seco,5000.0,0.2,0.15,7500.0,0.25,0.2,10000.0,0.3,0.25,66.1409,59.45075,72.83105,0.1
2240.0,2240.1,0.2350390277175739,0.0145933475951011,0.8535995616772373,1.0420309191588318e-05,1,2424242.4242424243,12346676.413325544,12984848.484848484,25.12121212121212,32.07317409695857,32.984848484848484,0.1500000000000909,True,Coqueiro_Seco,5000.0,0.2,0.15,7500.0,0.25,0.2,10000.0,0.3,0.25,66.3218,59.6015,73.0421,0.1
2250.0,2250.0,0.0625060269137058,0.0120703329117485,0.8298295337700651,0.0958870553441424,1,3000000.0,14996578.759335956,15000000.0,28.0,34.9980042762793,35.0,0.1500000000000909,True,Penedo,20000.0,0.3,0.25,35000.0,0.35,0.3,50000.0,0.4,0.35,66.5,59.75,73.25,0.35
2260.0,2260.05,0.2102118561153974,0.0110672200837816,0.4484026009787679,1.339835399298865e-05,1,2552238.805970149,13279762.12574178,13432835.820895525,25.761194029850746,33.250314646021515,33.43283582089552,0.1500000000000909,True,Penedo,20000.0,0.3,0.25,35000.0,0.35,0.3,50000.0,0.4,0.35,66.68090000000001,59.90075,73.46105,0.35
2270.0,2270.1,0.7635353156735082,0.0102933408789999,0.075050619525215,3.4736642565327103e-06,0,1272727.2727272727,7812328.2932791,8954545.454545455,19.363636363636363,27.337565351371342,28.954545454545453,0.1500000000000909,True,Penedo,20000.0,0.3,0.25,35000.0,0.35,0.3,50000.0,0.4,0.35,66.86179999999999,60.0515,73.6721,0.35
2280.0,2280.0,0.5409856027551485,0.0356448899272419,6.725840982900909,4.187497811270592e-06,0,1567164.1791044776,7850404.495911511,9985074.626865672,20.83582089552239,27.87861479977817,29.98507462686567,0.1500000000000909,True,Penedo,20000.0,0.3,0.25,35000.0,0.35,0.3,50000.0,0.4,0.35,67.03999999999999,60.2,73.88,0.35
2290.0,2290.05,0.7593992255995002,0.0142308671147295,0.2797764781388243,3.1406230807493784e-06,0,1089552.2388059702,6671857.809966851,8313432.835820896,18.44776119402985,26.030913182366103,28.31343283582089,0.1500000000000909,True,Penedo,20000.0,0.3,0.25,35000.0,0.35,0.3,50000.0,0.4,0.35,67.2209,60.35075,74.09105,0.35
2300.0,2300.1,0.6477991517475153,0.0229828622403755,1.601320507708054,3.5357114742486184e-06,0,1303030.303030303,7625625.977304004,9060606.06060606,19.51515151515152,27.06989583257155,29.060606060606062,0.1500000000000909,True,Penedo,20000.0,0.3,0.25,35000.0,0.35,0.3,50000.0,0.4,0.35,67.4018,60.5015,74.3021,0.35
2310.0,2310.0,0.6696456229164275,0.0232541490512847,0.2911489109668856,3.045454498129051e-06,0,1029850.7462686568,6441661.771782232,8104477.611940298,18.149253731343283,25.783337246657727,28.104477611940297,0.1500000000000909,True,Penedo,20000.0,0.3,0.25,35000.0,0.35,0.3,50000.0,0.4,0.35,67.58,60.65,74.50999999999999,0.35
2320.0,2320.05,0.2639342440005134,0.023105453423062,2.9942382268808463,1.339902775657496e-05,1,2552238.805970149,13030020.541788628,13432835.820895525,25.761194029850746,33.077589465693485,33.43283582089552,0.1500000000000909,True,Penedo,20000.0,0.3,0.25,35000.0,0.35,0.3,50000.0,0.4,0.35,67.76089999999999,60.80075,74.72105,0.35
2330.0,2330.1,0.3456739021912716,0.0602551088752826,15.02228725738233,7.333294106390394e-06,1,2181818.1818181816,11099476.034347473,12136363.636363637,23.90909090909091,31.33568692501222,32.13636363636363,0.1500000000000909,True,Penedo,20000.0,0.3,0.25,35000.0,0.35,0.3,50000.0,0.4,0.35,67.9418,60.9515,74.93209999999999,0.35
2340.0,2340.0,0.3456981149108624,0.0722273779968312,20.72139857163892,8.739113308139518e-06,1,2313432.835820896,10997464.287793852,12597014.925373135,24.56716417910448,31.35396229587529,32.59701492537314,0.1500000000000909,True,Penedo,20000.0,0.3,0.25,35000.0,0.35,0.3,50000.0,0.4,0.35,68.12,61.1,75.14,0.35
2350.0,2350.05,0.2249539147015598,0.0648677334070775,16.89917679018368,5.024615905668905e-05,1,2880597.0149253733,13798032.544643318,14582089.552238803,27.402985074626866,34.106266576776974,34.582089552238806,0.1500000000000909,True,Penedo,20000.0,0.3,0.25,35000.0,0.35,0.3,50000.0,0.4,0.35,68.3009,61.25075,75.35105,0.35
2360.0,2360.1,0.2053579291111643,0.0865336687072177,25.15728472036217,1.979949458380816e-05,1,2696969.696969697,12047468.212572249,13939393.93939394,26.484848484848484,32.69717184235578,33.93939393939394,0.1500000000000909,True,Penedo,20000.0,0.3,0.25,35000.0,0.35,0.3,50000.0,0.4,0.35,68.48179999999999,61.4015,75.5621,0.35
2370.0,2370.0,0.145238382837173,0.1278516272845864,47.64984314315244,5.912499149025068,1,3000000.0,12056364.56435388,15000000.0,28.0,33.28287932920643,35.0,0.1500000000000909,True,Penedo,20000.0,0.3,0.25,35000.0,0.35,0.3,50000.0,0.4,0.35,68.66,61.55,75.77000000000001,0.35
2380.0,2380.05,0.1436319955009769,0.1181641662791296,44.471887468907184,0.9976923267448174,1,3000000.0,12891121.153833495,15000000.0,28.0,33.76982067306954,35.0,0.1500000000000909,True,Penedo,20000.0,0.3,0.25,35000.0,0.35,0.3,50000.0,0.4,0.35,68.8409,61.70075,75.98105000000001,0.35
2390.0,2390.1,0.2912861374684398,0.0980884070161965,31.040771293625998,1.523072544411828e-05,1,2606060.606060606,11319297.51632166,13621212.12121212,26.03030303030303,32.135685170103,33.621212121212125,0.1500000000000909,True,Penedo,20000.0,0.3,0.25,35000.0,0.35,0.3,50000.0,0.4,0.35,69.0218,61.8515,76.1921,0.35
2400.0,2400.0,0.3513655356167198,0.0783551564550827,22.494038955462155,8.739116872576354e-06,1,2313432.835820896,10194987.963675192,12597014.925373135,24.56716417910448,30.68255397708755,32.59701492537314,0.1500000000000909,True,Penedo,20000.0,0.3,0.25,35000.0,0.35,0.3,50000.0,0.4,0.35,69.2,62.0,76.4,0.35
2410.0,2410.05,0.5131150901686444,0.0686207816557705,15.522797247199309,5.024997241574936e-06,0,1805970.1492537316,8386863.422706954,10820895.52238806,22.029850746268657,28.21970963451515,30.82089552238806,0.1500000000000909,True,Penedo,20000.0,0.3,0.25,35000.0,0.35,0.3,50000.0,0.4,0.35,69.3809,62.15075,76.61105,0.35
2420.0,2420.1,0.3523653566550647,0.0431480349075255,6.889795948657157,5.999958841896735e-06,0,2000000.0,10662638.098301228,11500000.0,23.0,30.6709949371814,31.5,0.1500000000000909,True,Penedo,20000.0,0.3,0.25,35000.0,0.35,0.3,50000.0,0.4,0.35,69.5618,62.3015,76.8221,0.35
2430.0,2430.0,0.0859189525537824,0.1481466941569349,60.126984756666594,7.581524492922697,1,3000000.0,11782149.029400565,15000000.0,28.0,33.12292026715033,35.0,0.1500000000000909,True,Penedo,20000.0,0.3,0.25,35000.0,0.35,0.3,50000.0,0.4,0.35,69.74000000000001,62.45,77.03,0.35
2440.0,2440.05,0.1219788090558598,0.1451156230509252,58.11704878275,7.974704087803462,1,3000000.0,11140298.931149049,15000000.0,28.0,32.74850770983695,35.0,0.1500000000000909,True,Penedo,20000.0,0.3,0.25,35000.0,0.35,0.3,50000.0,0.4,0.35,69.9209,62.60075,77.24105,0.35
2450.0,2450.1,0.3889578423793152,0.0783498969963075,23.93288793486216,6.18749570090493e-06,1,2030303.0303030305,9479376.65909147,11606060.606060604,23.151515151515152,29.62818540646946,31.60606060606061,0.1500000000000909,True,Penedo,20000.0,0.3,0.25,35000.0,0.35,0.3,50000.0,0.4,0.35,70.1018,62.7515,77.4521,0.35
2460.0,2460.0,0.2813109807893035,0.0808189959233438,23.738699257670408,1.3399944597991858e-05,1,2552238.805970149,11900976.540644228,13432835.820895525,25.761194029850746,32.392361100050415,33.43283582089552,0.1500000000000909,True,Penedo,20000.0,0.3,0.25,35000.0,0.35,0.3,50000.0,0.4,0.35,70.28,62.9,77.66,0.35
2470.0,2470.05,0.3126794558709637,0.1191190351462013,41.16574113101191,1.0578937329545372e-05,1,2432835.8208955224,9823020.862376438,13014925.373134328,25.16417910447761,30.53149708093349,33.014925373134325,0.1500000000000909,True,Penedo,20000.0,0.3,0.25,35000.0,0.35,0.3,50000.0,0.4,0.35,70.46090000000001,63.05075,77.87105,0.35
2480.0,2480.1,0.8823017707613714,0.0152431275249493,0.0001,3e-06,0,1000000.0,5283591.509002515,8000000.0,18.0,24.119416441432165,28.0,0.1500000000000909,True,Penedo,20000.0,0.3,0.25,35000.0,0.35,0.3,50000.0,0.4,0.35,70.64179999999999,63.2015,78.0821,0.35
3240.0,3240.3,0.1334433317974394,0.2126667453927138,119.74547902955658,2.166664275025953e-05,1,2723076.923076923,10182532.002198614,14030769.23076923,26.615384615384617,31.548893974564773,34.03076923076923,760.2000000000003,False,Penedo,20000.0,0.3,0.25,35000.0,0.35,0.3,50000.0,0.4,0.35,84.3254,74.6045,94.0463,0.35
3250.0,3250.05,0.1875953000869414,0.2235121505238642,72.60368279560751,9.571423642575717e-06,1,2373134.3283582088,9306837.77731599,12805970.149253732,24.86567164179105,30.29994266814592,32.80597014925373,0.1500000000000909,True,Penedo,20000.0,0.3,0.25,35000.0,0.35,0.3,50000.0,0.4,0.35,84.5009,74.75075,94.25105,0.35
3260.0,3260.1,0.4758067473344894,0.1399738592943278,25.4664622111044,4.499999288528634e-06,0,1666666.6666666667,7464674.318942643,10333333.333333334,21.33333333333333,27.51380124468743,30.33333333333333,0.1500000000000909,True,Penedo,20000.0,0.3,0.25,35000.0,0.35,0.3,50000.0,0.4,0.35,84.6818,74.9015,94.46209999999999,0.35
3270.0,3270.0,0.1681776812059413,0.2335762529925259,132.02024901703632,1.3399993903898714e-05,1,2552238.805970149,8126300.549008665,13432835.820895525,25.761194029850746,29.77621755392112,33.43283582089552,0.1500000000000909,True,Penedo,20000.0,0.3,0.25,35000.0,0.35,0.3,50000.0,0.4,0.35,84.86,75.05,94.67,0.35
3280.0,3280.05,0.5250509162020321,0.2087465851829737,20.712451906855208,3.4067795986243366e-06,0,1238805.9701492535,6063014.8829989685,8835820.895522388,19.19402985074627,25.42838065097136,28.83582089552239,0.1500000000000909,True,Penedo,20000.0,0.3,0.25,35000.0,0.35,0.3,50000.0,0.4,0.35,85.0409,75.20075,94.88105,0.35
3290.0,3290.1,0.50065867709151,0.102814551018976,29.626714504334657,4.304347406197316e-06,0,1606060.606060606,8320480.291206196,10121212.12121212,21.03030303030303,28.444172560421777,30.12121212121212,0.1500000000000909,True,Penedo,20000.0,0.3,0.25,35000.0,0.35,0.3,50000.0,0.4,0.35,85.2218,75.3515,95.09209999999999,0.35
3300.0,3300.0,0.3343885959215858,0.1877231374753173,41.67455724696416,4.9024383454205344e-06,0,1776119.4029850746,8092781.718849829,10716417.91044776,21.88059701492537,28.28130357806669,30.71641791044776,0.1500000000000909,True,Penedo,20000.0,0.3,0.25,35000.0,0.35,0.3,50000.0,0.4,0.35,85.4,75.5,95.3,0.35
3310.0,3310.05,0.2811501817739592,0.2676177026855949,144.0166192918573,8.739128075313586e-06,1,2313432.835820896,5436894.299795197,12597014.925373135,24.56716417910448,27.057718198362853,32.59701492537314,0.1500000000000909,True,Penedo,20000.0,0.3,0.25,35000.0,0.35,0.3,50000.0,0.4,0.35,85.5809,75.65075,95.51105,0.35
3320.0,3320.1,0.1587614982736964,0.1624651504870131,54.83247911615816,1.7999968398134884e-05,1,2666666.6666666665,10665464.910874669,13833333.333333334,26.33333333333333,31.50341325351776,33.833333333333336,0.1500000000000909,True,Penedo,20000.0,0.3,0.25,35000.0,0.35,0.3,50000.0,0.4,0.35,85.7618,75.8015,95.7221,0.35
3330.0,3330.0,0.1725736459034708,0.1810504061995814,91.45947256168844,1.827270072460981e-05,1,2671641.7910447763,11120163.538034204,13850746.268656716,26.35820895522388,31.741456485418723,33.850746268656714,0.1500000000000909,True,Penedo,20000.0,0.3,0.25,35000.0,0.35,0.3,50000.0,0.4,0.35,85.94,75.95,95.93,0.35
3340.0,3340.05,0.0863276448259577,0.2020217714657059,104.58308775900136,13.991433029339618,1,3000000.0,10700511.320976576,15000000.0,28.0,32.49196493723633,35.0,0.1500000000000909,True,Penedo,20000.0,0.3,0.25,35000.0,0.35,0.3,50000.0,0.4,0.35,86.1209,76.10075,96.14105,0.35
3350.0,3350.1,0.1646547748253214,0.159281778968555,68.59130681249951,9.438552111413122,1,3000000.0,11303616.971905155,15000000.0,28.0,32.84377656694468,35.0,0.1500000000000909,True,Penedo,20000.0,0.3,0.25,35000.0,0.35,0.3,50000.0,0.4,0.35,86.30179999999999,76.2515,96.3521,0.35
3360.0,3360.0,0.0443001110924456,0.1759556205269296,80.31789414524775,11.85683382098061,1,3000000.0,11693807.426002126,15000000.0,28.0,33.07138766516791,35.0,0.1500000000000909,True,Penedo,20000.0,0.3,0.25,35000.0,0.35,0.3,50000.0,0.4,0.35,86.47999999999999,76.4,96.56,0.35
3370.0,3370.05,0.1567314113383272,0.1942804443311395,98.00448372666608,5.0249819051575775e-05,1,2880597.0149253733,10805157.886838589,14582089.552238803,27.402985074626866,32.19665767711031,34.582089552238806,0.1500000000000909,True,Penedo,20000.0,0.3,0.25,35000.0,0.35,0.3,50000.0,0.4,0.35,86.6609,76.55075,96.77105,0.35
3380.0,3380.1,0.1231184950678082,0.1492297212580141,60.73919391745687,3.959983904393319e-05,1,2848484.8484848486,12086254.771845004,14469696.969696969,27.24242424242424,32.92303770971877,34.46969696969697,0.1500000000000909,True,Penedo,20000.0,0.3,0.25,35000.0,0.35,0.3,50000.0,0.4,0.35,86.84179999999999,76.70150000000001,96.98209999999999,0.35
3390.0,3390.0,0.1570670180178797,0.1239741584313122,43.90788202577568,2.8714151345005277e-05,1,2791044.776119403,13109469.618656592,14268656.71641791,26.95522388059701,33.56529942373744,34.26865671641791,0.1500000000000909,True,Penedo,20000.0,0.3,0.25,35000.0,0.35,0.3,50000.0,0.4,0.35,87.02000000000001,76.85,97.19,0.35
3400.0,3400.05,0.1353420829674685,0.1254401450426246,45.41802718952445,6.041842845621805,1,3000000.0,13263736.108870571,15000000.0,28.0,33.987179396841164,35.0,0.1500000000000909,True,Penedo,20000.0,0.3,0.25,35000.0,0.35,0.3,50000.0,0.4,0.35,87.2009,77.00075,97.40105,0.35
3410.0,3410.1,0.2113490638685062,0.1412406000011416,67.19675516071348,1.7999861884014403e-05,1,2666666.6666666665,12852099.346579785,13833333.333333334,26.33333333333333,33.09329629532616,33.833333333333336,0.1500000000000909,True,Penedo,20000.0,0.3,0.25,35000.0,0.35,0.3,50000.0,0.4,0.35,87.3818,77.1515,97.6121,0.35
3420.0,3420.0,0.0369879085886793,0.1812492183402457,93.40683103963316,9.846220975944163,1,3000000.0,13133827.552265435,15000000.0,28.0,33.911399405488176,35.0,0.1500000000000909,True,Penedo,20000.0,0.3,0.25,35000.0,0.35,0.3,50000.0,0.4,0.35,87.56,77.3,97.82,0.35
3430.0,3430.05,0.4233986501162626,0.1100976532755487,39.293874371469215,5.911763078641904e-06,0,1985074.626865672,9145434.831202447,11447761.19402985,22.92537313432836,29.235203954179504,31.44776119402985,0.1500000000000909,True,Penedo,20000.0,0.3,0.25,35000.0,0.35,0.3,50000.0,0.4,0.35,87.74090000000001,77.45075,98.03105000000001,0.35
3440.0,3440.1,0.2821261360021382,0.2700379622157994,163.599738838549,8.249998401737891e-06,1,2272727.272727273,9220959.303718977,12454545.454545457,24.363636363636363,29.787680445284494,32.45454545454545,0.1500000000000909,True,Penedo,20000.0,0.3,0.25,35000.0,0.35,0.3,50000.0,0.4,0.35,87.92179999999999,77.6015,98.2421,0.35
3450.0,3450.0,0.4465886783495651,0.0857772746134822,23.351551115786496,4.78571325577177e-06,0,1746268.656716418,8077309.8010567585,10611940.298507463,21.73134328358209,27.841741714033525,30.611940298507463,0.1500000000000909,True,Penedo,20000.0,0.3,0.25,35000.0,0.35,0.3,50000.0,0.4,0.35,88.1,77.75,98.45,0.35
3460.0,3460.05,0.098631429105269,0.1392235837979457,56.5312001638028,1.3807311672316964,1,3000000.0,12305061.5083269,15000000.0,28.0,33.427952546524025,35.0,0.1500000000000909,True,Penedo,20000.0,0.3,0.25,35000.0,0.35,0.3,50000.0,0.4,0.35,88.2809,77.90075,98.66105,0.35
3470.0,3470.1,0.513613548366009,0.1065912695201543,23.27148624465623,4.949997984141545e-06,0,1787878.7878787878,8976593.10686042,10757575.757575758,21.939393939393938,29.096792733199397,30.75757575757576,0.1500000000000909,True,Penedo,20000.0,0.3,0.25,35000.0,0.35,0.3,50000.0,0.4,0.35,88.4618,78.0515,98.87209999999999,0.35
3480.0,3480.0,0.0894275580428417,0.1384277402816464,57.5674875660855,4.019978242269295e-05,1,2850746.268656716,12770613.727693794,14477611.940298509,27.253731343283583,33.42479138552236,34.47761194029851,0.1500000000000909,True,Penedo,20000.0,0.3,0.25,35000.0,0.35,0.3,50000.0,0.4,0.35,88.64,78.2,99.08,0.35
3490.0,3490.05,0.3407163492479514,0.1596084458635121,61.56787555461484,6.931031472747903e-06,1,2134328.3582089557,10182517.175439367,11970149.253731344,23.671641791044777,30.397397421522253,31.970149253731343,0.1500000000000909,True,Penedo,20000.0,0.3,0.25,35000.0,0.35,0.3,50000.0,0.4,0.35,88.8209,78.35075,99.29105,0.35
3500.0,3500.1,0.1686649436262706,0.1018865937460968,29.61586647561254,3.2999724178333044e-05,1,2818181.8181818184,12984054.48867571,14363636.363636363,27.09090909090909,33.332386622455225,34.36363636363637,0.1500000000000909,True,Penedo,20000.0,0.3,0.25,35000.0,0.35,0.3,50000.0,0.4,0.35,89.0018,78.5015,99.50209999999998,0.35
3510.0,3510.0,0.2852197550113889,0.1135766025094255,29.72752700605718,9.571415784239156e-06,1,2373134.3283582088,11662049.64234711,12805970.149253732,24.86567164179105,32.02532765844365,32.80597014925373,0.1500000000000909,True,Penedo,20000.0,0.3,0.25,35000.0,0.35,0.3,50000.0,0.4,0.35,89.18,78.65,99.71,0.35
3520.0,3520.05,0.3139015165003456,0.1327086000631484,48.49304107524978,8.374989781908647e-06,1,2283582.0895522386,11275056.323863557,12492537.313432837,24.417910447761194,31.312385504569253,32.492537313432834,0.1500000000000909,True,Penedo,20000.0,0.3,0.25,35000.0,0.35,0.3,50000.0,0.4,0.35,89.3609,78.80075,99.92105000000001,0.35
3530.0,3530.1,0.010372667459344,0.16207244944076,69.84859094546468,10.109274916696716,1,3000000.0,12678191.918953076,15000000.0,28.0,33.645611952722625,35.0,0.1500000000000909,True,Penedo,20000.0,0.3,0.25,35000.0,0.35,0.3,50000.0,0.4,0.35,89.5418,78.95150000000001,100.1321,0.35
3540.0,3540.0,0.0052939257517829,0.1723567791845222,77.497852805725,11.433109848937974,1,3000000.0,12301393.70763146,15000000.0,28.0,33.42581299611835,35.0,0.1500000000000909,True,Penedo,20000.0,0.3,0.25,35000.0,0.35,0.3,50000.0,0.4,0.35,89.72,79.1,100.34,0.35
3550.0,3550.05,0.0733640380321976,0.1561578708751291,67.56008030362499,7.732539307375094,1,3000000.0,12246144.076984288,15000000.0,28.0,33.393584044907506,35.0,0.1500000000000909,True,Penedo,20000.0,0.3,0.25,35000.0,0.35,0.3,50000.0,0.4,0.35,89.90090000000001,79.25075,100.55105,0.35
3560.0,3560.1,0.0321013550144417,0.1372143239843306,53.04021582785059,7.094383858985543,1,3000000.0,12960164.052288158,15000000.0,28.0,33.810095697168094,35.0,0.1500000000000909,True,Penedo,20000.0,0.3,0.25,35000.0,0.35,0.3,50000.0,0.4,0.35,90.0818,79.4015,100.76209999999999,0.35
3570.0,3570.0,0.0216769027845845,0.1661558651515546,72.67085530050056,10.760186542514791,1,3000000.0,12498420.936679676,15000000.0,28.0,33.54074554639648,35.0,0.1500000000000909,True,Penedo,20000.0,0.3,0.25,35000.0,0.35,0.3,50000.0,0.4,0.35,90.26,79.55,100.97,0.35
3580.0,3580.05,0.0483434298698611,0.1484991552604565,60.72556763589476,8.290167431212643,1,3000000.0,12619106.15628717,15000000.0,28.0,33.61114525783418,35.0,0.1500000000000909,True,Penedo,20000.0,0.3,0.25,35000.0,0.35,0.3,50000.0,0.4,0.35,90.4409,79.70075,101.18105,0.35
3590.0,3590.1,0.0187737012628947,0.1584440776901621,67.08061900325532,9.796589264804286,1,3000000.0,12775995.172667004,15000000.0,28.0,33.702663850722416,35.0,0.1500000000000909,True,Penedo,20000.0,0.3,0.25,35000.0,0.35,0.3,50000.0,0.4,0.35,90.6218,79.8515,101.39209999999999,0.35
3600.0,3600.0,0.0835337273176781,0.1352720835440068,52.59954519665001,6.10406434452374,1,3000000.0,13005913.70884878,15000000.0,28.0,33.836782996828454,35.0,0.1500000000000909,True,Penedo,20000.0,0.3,0.25,35000.0,0.35,0.3,50000.0,0.4,0.35,90.8,80.0,101.6,0.35
3610.0,3610.05,0.5166810048651632,0.069090076492636,18.57663745911762,5.432426360841954e-06,0,1895522.3880597013,9753332.262765065,11134328.358208954,22.47761194029851,29.81283923215127,31.134328358208958,0.1500000000000909,True,Penedo,20000.0,0.3,0.25,35000.0,0.35,0.3,50000.0,0.4,0.35,90.9809,80.15075,101.81105000000001,0.35
3620.0,3620.1,0.2794852295298096,0.0897452659002601,26.6644528190148,1.1647029145097757e-05,1,2484848.484848485,11698268.57486668,13196969.696969695,25.424242424242426,32.22893970238148,33.196969696969695,0.1500000000000909,True,Penedo,20000.0,0.3,0.25,35000.0,0.35,0.3,50000.0,0.4,0.35,91.1618,80.3015,102.0221,0.35
3630.0,3630.0,0.5841119369447723,0.0694658199317035,6.988224409909276,4.01999890132808e-06,0,1507462.6865671645,8612413.558079986,9776119.402985075,20.53731343283582,28.459392913717423,29.776119402985078,0.1500000000000909,True,Penedo,20000.0,0.3,0.25,35000.0,0.35,0.3,50000.0,0.4,0.35,91.34,80.45,102.23,0.35
3640.0,3640.05,0.2335187293341139,0.1169699755419828,31.2044789344404,1.33999649715448e-05,1,2552238.805970149,12043871.039450388,13432835.820895525,25.761194029850746,32.28185600039852,33.43283582089552,0.1500000000000909,True,Penedo,20000.0,0.3,0.25,35000.0,0.35,0.3,50000.0,0.4,0.35,91.5209,80.60075,102.44105,0.35
3650.0,3650.1,0.1579884350245552,0.1165199457628297,43.37117904904655,2.8285492067813505e-05,1,2787878.787878788,12679381.266094528,14257575.757575758,26.939393939393938,33.33018792843882,34.25757575757576,0.1500000000000909,True,Penedo,20000.0,0.3,0.25,35000.0,0.35,0.3,50000.0,0.4,0.35,91.7018,80.7515,102.65209999999999,0.35
3660.0,3660.0,0.2250247848271485,0.1020596249943809,32.859335335705865,1.4357106009968588e-05,1,2582089.552238806,12120912.68303726,13537313.43283582,25.91044776119403,32.58991626614276,33.53731343283582,0.1500000000000909,True,Penedo,20000.0,0.3,0.25,35000.0,0.35,0.3,50000.0,0.4,0.35,91.88,80.9,102.86,0.35
3670.0,3670.05,0.0452892518086745,0.1291260258287701,53.28565995054474,5.172782310455948,1,3000000.0,13916555.131937891,15000000.0,28.0,34.36799049363044,35.0,0.1500000000000909,True,Penedo,20000.0,0.3,0.25,35000.0,0.35,0.3,50000.0,0.4,0.35,92.0609,81.05075,103.07105,0.35
3680.0,3680.1,0.1111739711452042,0.1387342131331536,46.58219986385832,3.959975052906736e-05,1,2848484.8484848486,13256152.15615267,14469696.969696969,27.24242424242424,33.676029710036126,34.46969696969697,0.1500000000000909,True,Penedo,20000.0,0.3,0.25,35000.0,0.35,0.3,50000.0,0.4,0.35,92.2418,81.20150000000001,103.28209999999999,0.35
3690.0,3690.0,0.1069986687534873,0.1185240587551167,41.82024357973192,4.857235373051329,1,3000000.0,13410290.910161711,15000000.0,28.0,34.07266969759433,35.0,0.1500000000000909,True,Penedo,20000.0,0.3,0.25,35000.0,0.35,0.3,50000.0,0.4,0.35,92.42,81.35,103.49,0.35
3700.0,3700.05,0.0975523346797835,0.1229888974606425,45.18800189824507,5.019821467374348,1,3000000.0,13326809.857367516,15000000.0,28.0,34.02397241679772,35.0,0.1500000000000909,True,Penedo,20000.0,0.3,0.25,35000.0,0.35,0.3,50000.0,0.4,0.35,92.60090000000001,81.50075,103.70105000000001,0.35
3710.0,3710.1,0.2480316714373089,0.0863782209041831,25.93780997142263,2.4749801370836663e-05,1,2757575.757575758,13109203.798999976,14151515.151515152,26.78787878787879,33.530404448477654,34.15151515151515,0.1500000000000909,True,Penedo,20000.0,0.3,0.25,35000.0,0.35,0.3,50000.0,0.4,0.35,92.7818,81.6515,103.9121,0.35
3720.0,3720.0,0.2355278444245151,0.082780345624037,23.419479161666395,5.024916649087077e-05,1,2880597.0149253733,13594412.632915936,14582089.552238803,27.402985074626866,33.99335786728015,34.582089552238806,0.1500000000000909,True,Penedo,20000.0,0.3,0.25,35000.0,0.35,0.3,50000.0,0.4,0.35,92.96,81.8,104.12,0.35
3730.0,3730.05,0.201517255740252,0.0977653812194987,30.70459311335844,3.292923836543223,1,3000000.0,13775529.273672637,15000000.0,28.0,34.28572540964237,35.0,0.1500000000000909,True,Penedo,20000.0,0.3,0.25,35000.0,0.35,0.3,50000.0,0.4,0.35,93.1409,81.95075,104.33105,0.35
3740.0,3740.1,0.2206101764191565,0.083675512245161,22.139815500593645,4.949928735288696e-05,1,2878787.878787879,14180308.109911164,14575757.575757576,27.393939393939394,34.345078720680505,34.57575757575758,0.1500000000000909,True,Penedo,20000.0,0.3,0.25,35000.0,0.35,0.3,50000.0,0.4,0.35,93.3218,82.1015,104.54209999999999,0.35
3750.0,3750.0,0.0889353651316624,0.0928035987689896,26.58097211526629,3.823650586723545,1,3000000.0,14364001.996390244,15000000.0,28.0,34.629001164560975,35.0,0.1500000000000909,True,Penedo,20000.0,0.3,0.25,35000.0,0.35,0.3,50000.0,0.4,0.35,93.5,82.25,104.75,0.35
3760.0,3760.05,0.0610966567762185,0.1116647582357044,36.97025985175429,5.006068594699621,1,3000000.0,13940215.98261049,15000000.0,28.0,34.381792656522784,35.0,0.1500000000000909,True,Penedo,20000.0,0.3,0.25,35000.0,0.35,0.3,50000.0,0.4,0.35,93.68090000000001,82.40075,104.96105,0.35
3770.0,3770.1,0.1068150892462626,0.0994707449017433,30.92851520441992,3.739490770287133,1,3000000.0,13917174.942248467,15000000.0,28.0,34.36835204964494,35.0,0.1500000000000909,True,Penedo,20000.0,0.3,0.25,35000.0,0.35,0.3,50000.0,0.4,0.35,93.8618,82.5515,105.17209999999999,0.35
3780.0,3780.0,0.0732169903266808,0.0979099955785995,29.191901424845824,4.179240351748997,1,3000000.0,14599769.204639733,15000000.0,28.0,34.76653203603984,35.0,0.1500000000000909,True,Penedo,20000.0,0.3,0.25,35000.0,0.35,0.3,50000.0,0.4,0.35,94.04,82.7,105.38,0.35
3790.0,3790.05,0.1399110376273324,0.0983574339200691,30.056530203673123,3.943952491865388,1,3000000.0,13995049.48284919,15000000.0,28.0,34.413778864995365,35.0,0.1500000000000909,True,Penedo,20000.0,0.3,0.25,35000.0,0.35,0.3,50000.0,0.4,0.35,94.22090000000001,82.85075,105.59105000000001,0.35
3800.0,3800.1,0.0970614679295636,0.118954751485368,41.40108166174669,5.614367140367564,1,3000000.0,13570529.698033756,15000000.0,28.0,34.16614232385302,35.0,0.1500000000000909,True,Penedo,20000.0,0.3,0.25,35000.0,0.35,0.3,50000.0,0.4,0.35,94.40180000000001,83.0015,105.8021,0.35
3810.0,3810.0,0.1003170376759858,0.1286557632994135,48.53646807032116,5.518966570355778,1,3000000.0,13246110.638196882,15000000.0,28.0,33.97689787228151,35.0,0.1500000000000909,True,Penedo,20000.0,0.3,0.25,35000.0,0.35,0.3,50000.0,0.4,0.35,94.58,83.15,106.01,0.35
3820.0,3820.05,0.2658130658548428,0.0790966341389357,17.43281415794212,1.057888990972286e-05,1,2432835.8208955224,12187069.414815104,13014925.373134328,25.16417910447761,32.204625162144694,33.014925373134325,0.1500000000000909,True,Penedo,20000.0,0.3,0.25,35000.0,0.35,0.3,50000.0,0.4,0.35,94.7609,83.30075,106.22105,0.35
3830.0,3830.1,0.1312878365239945,0.1001341139925732,31.556316532476043,3.263363857956429,1,3000000.0,14065656.380755326,15000000.0,28.0,34.454966222107274,35.0,0.1500000000000909,True,Penedo,20000.0,0.3,0.25,35000.0,0.35,0.3,50000.0,0.4,0.35,94.9418,83.45150000000001,106.43209999999999,0.35
3840.0,3840.0,0.1111309595635815,0.1008325782690292,33.21037867189181,4.01994914598306e-05,1,2850746.268656716,13527697.436192203,14477611.940298509,27.253731343283583,33.910290872842666,34.47761194029851,0.1500000000000909,True,Penedo,20000.0,0.3,0.25,35000.0,0.35,0.3,50000.0,0.4,0.35,95.12,83.6,106.64,0.35
3850.0,3850.05,0.0325315253880489,0.1347487396902826,51.19098531230447,6.97049416359491,1,3000000.0,13514770.268264815,15000000.0,28.0,34.133615989821145,35.0,0.1500000000000909,True,Penedo,20000.0,0.3,0.25,35000.0,0.35,0.3,50000.0,0.4,0.35,95.30090000000001,83.75075,106.85105,0.35
3860.0,3860.1,0.1150123480393397,0.1298741464292915,48.3307770937344,6.445422484949216,1,3000000.0,13460464.805537086,15000000.0,28.0,34.101937803229966,35.0,0.1500000000000909,True,Penedo,20000.0,0.3,0.25,35000.0,0.35,0.3,50000.0,0.4,0.35,95.4818,83.9015,107.06209999999999,0.35
3870.0,3870.0,0.3728000028221078,0.1088060092642635,18.99468185172833,6.090904261958478e-06,1,2014925.3731343283,9905131.717647929,11552238.80597015,23.074626865671643,29.561164588839357,31.55223880597015,0.1500000000000909,True,Penedo,20000.0,0.3,0.25,35000.0,0.35,0.3,50000.0,0.4,0.35,95.66,84.05,107.27,0.35
3880.0,3880.05,0.1494778233518281,0.1061449122190725,35.287826092416736,3.801715125836256,1,3000000.0,13917847.668370595,15000000.0,28.0,34.36874447321618,35.0,0.1500000000000909,True,Penedo,20000.0,0.3,0.25,35000.0,0.35,0.3,50000.0,0.4,0.35,95.8409,84.20075,107.48105,0.35
3890.0,3890.1,0.1279153910646661,0.1181674582897686,41.70383743588837,4.88638186757189,1,3000000.0,13475002.308568384,15000000.0,28.0,34.110418013331554,35.0,0.1500000000000909,True,Penedo,20000.0,0.3,0.25,35000.0,0.35,0.3,50000.0,0.4,0.35,96.0218,84.3515,107.6921,0.35
3900.0,3900.0,0.1091517996514181,0.1254075872192092,45.82706342296442,5.769513503429295,1,3000000.0,13125723.749814028,15000000.0,28.0,33.90667218739152,35.0,0.1500000000000909,True,Penedo,20000.0,0.3,0.25,35000.0,0.35,0.3,50000.0,0.4,0.35,96.2,84.5,107.9,0.35
3910.0,3910.05,0.1447517867234626,0.1029664460083114,32.9351467808314,3.909366352281786,1,3000000.0,13857475.21438689,15000000.0,28.0,34.333527208392354,35.0,0.1500000000000909,True,Penedo,20000.0,0.3,0.25,35000.0,0.35,0.3,50000.0,0.4,0.35,96.38090000000001,84.65075,108.11105,0.35
3920.0,3920.1,0.1589583087026073,0.1050540883360963,33.14908389078148,4.652911532364571,1,3000000.0,13553590.876041606,15000000.0,28.0,34.1562613443576,35.0,0.1500000000000909,True,Penedo,20000.0,0.3,0.25,35000.0,0.35,0.3,50000.0,0.4,0.35,96.5618,84.8015,108.32209999999999,0.35
3930.0,3930.0,0.1865001376471562,0.09865996808333,31.21097741980213,2.703068022672556,1,3000000.0,13752387.915189244,15000000.0,28.0,34.27222628386039,35.0,0.1500000000000909,True,Penedo,20000.0,0.3,0.25,35000.0,0.35,0.3,50000.0,0.4,0.35,96.74,84.95,108.53,0.35
3940.0,3940.05,0.2329909210921858,0.0838181595088954,24.232431307203008,2.8713931388678003e-05,1,2791044.776119403,13358912.218378574,14268656.71641791,26.95522388059701,33.724461750559094,34.26865671641791,0.1500000000000909,True,Penedo,20000.0,0.3,0.25,35000.0,0.35,0.3,50000.0,0.4,0.35,96.9209,85.10075,108.74105,0.35
3950.0,3950.1,0.1790534391978639,0.0980374877505592,29.93903108438255,3.299971126134866e-05,1,2818181.8181818184,12875051.705075148,14363636.363636363,27.09090909090909,33.44110520287103,34.36363636363637,0.1500000000000909,True,Penedo,20000.0,0.3,0.25,35000.0,0.35,0.3,50000.0,0.4,0.35,97.1018,85.2515,108.95209999999999,0.35
3960.0,3960.0,0.1740753328279649,0.0922346761944828,26.59894153356401,3.5956031767814705,1,3000000.0,13811048.359282345,15000000.0,28.0,34.30644487624803,35.0,0.1500000000000909,True,Penedo,20000.0,0.3,0.25,35000.0,0.35,0.3,50000.0,0.4,0.35,97.28,85.4,109.16,0.35
3970.0,3970.05,0.2305835849464401,0.0997565231537539,31.482453801056,0.0001004966252417,1,2940298.5074626864,12635214.564399172,14791044.776119404,27.70149253731343,33.5244346525081,34.791044776119406,0.1500000000000909,True,Penedo,20000.0,0.3,0.25,35000.0,0.35,0.3,50000.0,0.4,0.35,97.46090000000001,85.55075,109.37105,0.35
3980.0,3980.1,0.4829284839868801,0.0426496423411321,6.968586819389941,4.421050093077298e-06,0,1642857.142857143,9591310.570990862,10250000.0,21.214285714285715,29.80368277064419,30.25,0.1500000000000909,True,Penedo,20000.0,0.3,0.25,35000.0,0.35,0.3,50000.0,0.4,0.35,97.6418,85.70150000000001,109.5821,0.35
